<?xml version="1.0" encoding="UTF-8"?>
<?xml-model href="file:../../schemas/S100_3_0_0/S100Catalog/20170430/S100_XC_1_0.sch" type="application/xml" schematypens="http://purl.oclc.org/dsdl/schematron"?>
<!-- Exchange set catalogue template -->
<!-- Prepared by Raphael Malyankar -->
<S100XC:S100_ExchangeCatalogue xmlns:gml="http://www.opengis.net/gml/3.2" xmlns:xlink="http://www.w3.org/1999/xlink" xmlns:gco="http://www.isotc211.org/2005/gco" xmlns:gmd="http://www.isotc211.org/2005/gmd" xmlns:gts="http://www.isotc211.org/2005/gts" xmlns:gsr="http://www.isotc211.org/2005/gsr" xmlns:gss="http://www.isotc211.org/2005/gss" xmlns:gmx="http://www.isotc211.org/2005/gmx" xmlns:S100XC="http://www.iho.int/s100/xc" xmlns:xsi="http://www.w3.org/2001/XMLSchema-instance" xsi:schemaLocation="http://www.iho.int/s100/xc ../../schemas/S100_3_0_0/S100Catalog/20170430/S100_ExchangeCatalogue.xsd">
    <S100XC:identifier>
        <S100XC:identifier>CATALOG.123.XML</S100XC:identifier>
        <S100XC:editionNumber>1</S100XC:editionNumber>
        <S100XC:date>2017-04-30</S100XC:date>
    </S100XC:identifier>
    <S100XC:contact>
        <S100XC:organization>IHO</S100XC:organization>
    </S100XC:contact>
    <S100XC:productSpecification>
        <S100XC:name>S-123</S100XC:name>
        <S100XC:version>1.0</S100XC:version>
        <S100XC:date>2017-04-30</S100XC:date>
    </S100XC:productSpecification>
    <S100XC:metadataLanguage>English</S100XC:metadataLanguage>
    <S100XC:exchangeCatalogueName>CATALOG.123.XML</S100XC:exchangeCatalogueName>
    <S100XC:exchangeCatalogueDescription>List of datasets, support files, catalogues, and discovery metadata for them.</S100XC:exchangeCatalogueDescription>
    <S100XC:exchangeCatalogueComment>this is a hypothetical example to show the structure of the exchange catalogue.</S100XC:exchangeCatalogueComment>
    <S100XC:compressionFlag>false</S100XC:compressionFlag>
    <S100XC:sourceMedia>digital</S100XC:sourceMedia>
    <S100XC:replacedData>false</S100XC:replacedData>
    
    <S100XC:datasetDiscoveryMetadata>
        <S100XC:fileName>JSNPI123EX_A0001.gml</S100XC:fileName>
        <S100XC:filePath>JSNPI123EX_A0001</S100XC:filePath>
        <S100XC:description>Jussland Radio Services Data sample</S100XC:description>
        <S100XC:dataProtection>0</S100XC:dataProtection>
        <S100XC:classification gco:isoType="gmd:MD_ClassificationCode"><gmd:MD_ClassificationCode codeList="http://standards.iso.org/ittf/PubliclyAvailableStandards/ISO_19139_Schemas/resources/codelist/gmxCodelists.xml#CI_ClassificationCode" codeListValue="unclassified"></gmd:MD_ClassificationCode></S100XC:classification>
        <S100XC:purpose>new</S100XC:purpose>
        <S100XC:specificUsage><gmd:MD_Usage>
            <gmd:specificUsage><gco:CharacterString>general</gco:CharacterString></gmd:specificUsage>
            <gmd:userContactInfo gco:nilReason="unknown"/>
        </gmd:MD_Usage></S100XC:specificUsage>
        <S100XC:editionNumber>1</S100XC:editionNumber>
        
        <S100XC:updateApplicationDate>2017-04-30</S100XC:updateApplicationDate>
        <S100XC:issueDate>2017-04-30</S100XC:issueDate>
        <S100XC:productSpecification>
            <S100XC:name>S-123</S100XC:name>
            <S100XC:version>1.0</S100XC:version>
            <S100XC:date>2017-04-30</S100XC:date>
        </S100XC:productSpecification>
        <S100XC:producingAgency gco:isoType="gmd:CI_ResponsibleParty">
            <gmd:organisationName>
                <gco:CharacterString>Jussland Hydrographic Office</gco:CharacterString>
            </gmd:organisationName>
            <gmd:role><gmd:CI_RoleCode codeList="http://standards.iso.org/ittf/PubliclyAvailableStandards/ISO_19139_Schemas/resources/codelist/gmxCodelists.xml#CI_RoleCode" codeListValue="owner"/></gmd:role>
        </S100XC:producingAgency>
        <S100XC:maximumDisplayScale>1000</S100XC:maximumDisplayScale>
        <S100XC:minimumDisplayScale>15000000</S100XC:minimumDisplayScale>
        <S100XC:horizontalDatumReference>EPSG</S100XC:horizontalDatumReference>
        <S100XC:horizontalDatumValue>4326</S100XC:horizontalDatumValue>
        <S100XC:verticalDatum>meanLowWaterSprings</S100XC:verticalDatum>
        <S100XC:soundingDatum>approximateLowestAstronomicalTide</S100XC:soundingDatum>
        <S100XC:dataType>GML</S100XC:dataType>
        <S100XC:dataTypeVersion>20170430</S100XC:dataTypeVersion>
        <S100XC:dataCoverage>
            <S100XC:boundingBox gco:isoType="gmd:EX_GeographicBoundingBox">
                <gmd:westBoundLongitude><gco:Decimal>55.0</gco:Decimal></gmd:westBoundLongitude>
                <gmd:eastBoundLongitude><gco:Decimal>71.0</gco:Decimal></gmd:eastBoundLongitude>
                <gmd:southBoundLatitude><gco:Decimal>-36.0</gco:Decimal></gmd:southBoundLatitude>
                <gmd:northBoundLatitude><gco:Decimal>-22.0</gco:Decimal></gmd:northBoundLatitude>
            </S100XC:boundingBox>
            <S100XC:boundingPolygon>
                <gmd:polygon gco:nilReason="inapplicable"/>
            </S100XC:boundingPolygon>
        </S100XC:dataCoverage>
        
        <S100XC:comment>ISO 19115 metadata for sample dataset. Axis order is lon/lat</S100XC:comment>
        <S100XC:S100_19115DatasetMetadata>
            <gmx:FileName src="JSNPI123EX_A0001/MD_JSNPI123EX_A0001.xml">ISO 19115 Metadata</gmx:FileName>
        </S100XC:S100_19115DatasetMetadata><!-- Provides the name of the ISO 19115 metadata file for the dataset. The src attribute of gmx:FileName gives the machine readable location, the content gives a "user-friendly" name -->
    </S100XC:datasetDiscoveryMetadata>
    <S100XC:S100_CatalogueMetadata>
        <S100XC:fileName>S123FC.xml</S100XC:fileName>
        <S100XC:fileLocation>catalogs</S100XC:fileLocation>
        <S100XC:scope>featureCatalogue</S100XC:scope>
        <S100XC:versionNumber>1.0</S100XC:versionNumber>
        <S100XC:issueDate>2017-04-30</S100XC:issueDate>
        <S100XC:productSpecification>
            <S100XC:name>S-123</S100XC:name>
            <S100XC:version>1.0</S100XC:version>
            <S100XC:date>2017-04-30</S100XC:date>
        </S100XC:productSpecification>
        <S100XC:digitalSignatureReference>S-63</S100XC:digitalSignatureReference>
        <S100XC:digitalSignatureValue>Z</S100XC:digitalSignatureValue>
    </S100XC:S100_CatalogueMetadata>
    
</S100XC:S100_ExchangeCatalogue>
