<?xml version="1.0" encoding="ISO-8859-1"?>

<alertCatalog xmlns:xsl="http://www.w3.org/2001/XMLSchema" version="0.0.1">
	<!-- Context parameters which affect the generation of alerts and indications. Every effort should be made to avoid using
	     context parameters. Any change in a context parameter requires re-generating the portrayal. -->
	<context />
	
	<!-- A container of all the messages which can be used for alerts and indications -->
	<messages>
		<!-- Sample message -->
		<message id="UniqueMessageKeyExample">
			<description>
				<name>Sample message name (optional)</name>
				<description>Describes the purpose of this message</description>
				<language>eng</language>
			</description>
			<text>Message written in English</text>
			<text language="kor">한국말로 된 메시지</text>
		</message>
		
		<!-- IEC 61174:2015 Table D.1 - Alerts and indications resulting from IMO requirements -->
		<message id="CrossingSafetyContour">
			<text>TODO</text>
		</message>
		<message id="CrossingAreaWithSpecialConditions">
			<text>TODO</text>
		</message>
		<message id="DeviationFromRoute">
			<text>TODO</text>
		</message>
		<message id="CrossingNavigationalHazard">
			<text>TODO</text>
		</message>
		<message id="PositioningSystemFailure">
			<text>TODO</text>
		</message>
		<message id="ApproachToCritcalPoint">
			<text>TODO</text>
		</message>
		<message id="DifferentGeodeticDatum">
			<text>TODO</text>
		</message>
		<message id="DiscrepanciesBetweenPositions">
			<text>TODO</text>
		</message>
		<message id="ManualPositionAdjustment">
			<text>TODO</text>
		</message>
		<message id="MalfunctionOfEcdis">
			<text>TODO</text>
		</message>
		<message id="DefaultSafetyContour">
			<text>TODO</text>
		</message>
		<message id="InformationOverscale">
			<text>TODO</text>
		</message>
		<message id="LargerScaleENCAvailable">
			<text>TODO</text>
		</message>
		<message id="DifferentReferenceSystem">
			<text>TODO</text>
		</message>
		<message id="TargetCapacityAboutToBeExceeded">
			<text>TODO</text>
		</message>
		<message id="TargetCapacityExceeded">
			<text>TODO</text>
		</message>
		<message id="AISLostTargetWarningDisabled">
			<text>TODO</text>
		</message>
		<message id="AISLostTargetWarningEnabled">
			<text>TODO</text>
		</message>
		<message id="AISTargetCapacityAboutToBeExceeded">
			<text>TODO</text>
		</message>
		<message id="AISTargetCapacityExceeded">
			<text>TODO</text>
		</message>
		<message id="AISTargetFilterDisabled">
			<text>TODO</text>
		</message>
		<message id="AISTargetFilterEnabled">
			<text>TODO</text>
		</message>
		<message id="TargetVectorModeTimeAndStabilization">
			<text>TODO</text>
		</message>
		<message id="NoENCAvailable">
			<text>TODO</text>
		</message>
		<message id="StandardDisplayIsCustomized">
			<text>TODO</text>
		</message>
		<message id="RoutePlanningAcrossSafetyContour">
			<text>TODO</text>
		</message>
		<message id="RoutePlanningAcrossSpecifiedArea">
			<text>TODO</text>
		</message>
		<message id="RoutePlanningAcrossNavigationalHazard">
			<text>TODO</text>
		</message>
		<!-- END IEC 61174:2015 Table D.1 - Alerts and indications resulting from IMO requirements -->

		<!-- IEC 61174:2015 Table D.2 - Alerts and indications defined in [IEC 61174] -->
		<message id="NonENCData">
			<description>
				<description>IEC 61174:2015 4.3.2, 5.4.2.1</description>
				<language>eng</language>
			</description>
			<text>Chart display includes non-ENC data</text>
		</message>
		<message id="OutsideAnchorWatchArea">
			<description>
				<description>IEC 61174:2015 4.6.6</description>
				<language>eng</language>
			</description>
			<text>Outside anchor watch area</text>
		</message>
		<message id="NonHOSourceDataInUse">
			<description>
				<description>IEC 61174:2015 4.8. SENC data from non-HO source is in use and presentation is different from IHO S-101</description>
				<language>eng</language>
			</description>
			<text>non-ECDIS presentation, non-SOLAS mode</text>
		</message>
		<message id="RoutePlanSafetyCheckOff">
			<description>
				<description>IEC 61174:2015 4.10.2.1</description>
				<language>eng</language>
			</description>
			<text>Off state of route planning across safety contour, prohibited areas and hazards indication</text>
		</message>
		<message id="RouteMonitorSafetyCheckOff">
			<description>
				<description>IEC 61174:2015 4.10.3</description>
				<language>eng</language>
			</description>
			<text>Off state of safety contour, prohibited area and hazard indication in route monitoring</text>
		</message>
		<message id="ChartScaleNotUniform">
			<description>
				<description>IEC 61174:2015 5.2.1</description>
				<language>eng</language>
			</description>
			<text>Chart scale is not uniform over the displayed area</text>
		</message>
		<message id="CurrentDateNotIncluded">
			<description>
				<description>IEC 61174:2015 5.3.3 (IHO S-52/10.4.1). Viewing date or date range does not include current date.</description>
				<language>eng</language>
			</description>
			<text>Display Not Real Time</text>
		</message>
		<message id="ChartOrientationAtOwnship">
			<description>
				<description>IEC 61174:2015 5.8.1. Chart orientation is not uniform over the displayed area.</description>
				<language>eng</language>
			</description>
			<text>at own ship</text>
		</message>
		<message id="ChartOrientationAtCentre">
			<description>
				<description>IEC 61174:2015 5.8.1. Chart orientation is not uniform over the displayed area.</description>
				<language>eng</language>
			</description>
			<text>At centre</text>
		</message>
		<message id="OutOfSequenceUpdate">
			<description>
				<description>IEC 61174:2015 5.9.1.4 (IHO S-52 App. 1/3.4.1 (i) and / IHO S-63). Out of sequence update.</description>
				<language>eng</language>
			</description>
			<text>Chart information not up to date</text>
		</message>
		<message id="CPAAlarm">
			<description>
				<description>IEC 61174:2015 4.6.2.3, 4.6.6</description>
				<language>eng</language>
			</description>
			<text>CPA/TCPA</text>
		</message>
		<message id="LostTarget">
			<description>
				<description>IEC 61174:2015 4.6.2.3, 4.6.7</description>
				<language>eng</language>
			</description>
			<text>Lost target</text>
		</message>
		<message id="LostTargetEnabled">
			<description>
				<description>IEC 61174:2015 4.6.2.3</description>
				<language>eng</language>
			</description>
			<text>Lost target enabled</text>
		</message>
		<message id="LostTargetDisabled">
			<description>
				<description>IEC 61174:2015 4.6.2.3</description>
				<language>eng</language>
			</description>
			<text>Lost target disabled</text>
		</message>
		<!-- END IEC 61174:2015 Table D.2 - Alerts and indications defined in [IEC 61174] -->
		
		<!-- TODO: Add messages triggered from mariner defined objects -->
		<message id="CrossingMarinerSpecifiedAreaOrLine">
			<text>TODO</text>
		</message>
		<message id="CrossingMarinerSpecifiedPoint">
			<text>TODO</text>
		</message>
		<message id="RoutePlanningAcrossMarinerSpecifiedAreaOrLine">
			<text>TODO</text>
		</message>
		<message id="RoutePlanningAcrossMarinerSpecifiedPoint">
			<text>TODO</text>
		</message>
		<!-- END TODO -->
		
		<message id="GraphicalHighlightEnabled">
			<description>
				<description>Enables the graphical highlighting associated with an alert or indication</description>
				<language>eng</language>
			</description>
			<text>On</text>
		</message>
		<message id="GraphicalHighlightDisabled">
			<description>
				<description>Disables the graphical highlighting associated with an alert or indication</description>
				<language>eng</language>
			</description>
			<text>Off</text>
		</message>
		<message id="WarningAlertPriority">
			<description>
				<description>Label indicating alert priority</description>
				<language>eng</language>
			</description>
			<text>Warning</text>
		</message>
		<message id="CautionAlertPriority">
			<description>
				<description>Label indicating alert priority</description>
				<language>eng</language>
			</description>
			<text>Caution</text>
		</message>
		
		<!-- Used by indications triggered by disabling a graphical highlight -->
		<message id="CrossingSafetyContourDisabled">
			<description>
				<description>Displayed when the graphical highlighting of crossing the safety contour is disabled</description>
				<language>eng</language>
			</description>
			<text>Indication of crossing safety contour is Off</text>
		</message>
		<!-- END Used by indications triggered by disabling a graphical highlight -->
	</messages>
	
	<!-- Selectors: used to enable/disable alerts, indications, and graphical highlighting -->
	<selectors>
		<selector id="CrossingSpecialConditionsPriority" use="Required" type="String">
			<description>
				<description>Selects the alert priority used when crossing an area with special conditions</description>
				<language>en</language>
			</description>
			<!-- An icon to show alongside or instead of the label -->
			<icon>SpecialConditionsAlertPriorityIcon</icon>
			<label>Special Conditions alert priority</label>
			<selection>
				<icon>WarningIcon</icon>
				<message>WarningAlertPriority</message>
				<value>Warning</value>
			</selection>
			<selection default="true">
				<icon>CautionIcon</icon>
				<message>CautionAlertPriority</message>
				<value>Caution</value>
			</selection>
		</selector>
		<!-- Graphical highlighting -->
		<selector id="CrossingSafetyContourHighlight" use="Optional" type="Boolean">
			<description>
				<description>Enables the graphical highlight of crossing the safety contour.</description>
				<language>eng</language>
			</description>
			<label>Crossing Safety Contour Highlight</label>
			<selection default="true">
				<message>GraphicalHighlightEnabled</message>
				<value>true</value>
			</selection>
			<selection>
				<message>GraphicalHighlightDisabled</message>
				<value>false</value>
				<indication>CrossingSafetyContourDisabled</indication>
			</selection>
		</selector>
		<!-- IEC 61174:2015 Annex C - Areas for which special conditions exist -->
		<selector id="TrafficSeparationZoneHighlight" use="Required" type="Boolean">
			<description>
				<description>Disables the graphical highlight of crossing a Traffic Separation Zone.</description>
				<language>eng</language>
			</description>
			<label>Traffic Separation Zone Highlight</label>
			<selection default="true">
				<message>GraphicalHighlightEnabled</message>
				<value>true</value>
			</selection>
			<selection>
				<message>GraphicalHighlightDisabled</message>
				<value>false</value>
				<indication>ProhAre</indication>
			</selection>
		</selector>
		<selector id="InshoreTrafficZoneHighlight" use="Required" type="Boolean">
			<description>
				<description>Disables the graphical highlight of crossing an Inshore Traffic Zone.</description>
				<language>eng</language>
			</description>
			<label>Inshore Traffic Zone Highlight</label>
			<selection default="true">
				<message>GraphicalHighlightEnabled</message>
				<value>true</value>
			</selection>
			<selection>
				<message>GraphicalHighlightDisabled</message>
				<value>false</value>
				<indication>ProhAre</indication>
			</selection>
		</selector>
		<selector id="RestrictedAreaNavigationalHighlight" use="Required" type="Boolean">
			<description>
				<description>Disables the graphical highlight of crossing a Restricted Area Navigational.</description>
				<language>eng</language>
			</description>
			<label>Restricted Area Navigational Highlight</label>
			<selection default="true">
				<message>GraphicalHighlightEnabled</message>
				<value>true</value>
			</selection>
			<selection>
				<message>GraphicalHighlightDisabled</message>
				<value>false</value>
				<indication>ProhAre</indication>
			</selection>
		</selector>
		<selector id="RestrictedAreaRegulatoryHighlight" use="Required" type="Boolean">
			<description>
				<description>Disables the graphical highlight of crossing a Restricted Area Regulatory.</description>
				<language>eng</language>
			</description>
			<label>Restricted Area Regulatory Highlight</label>
			<selection default="true">
				<message>GraphicalHighlightEnabled</message>
				<value>true</value>
			</selection>
			<selection>
				<message>GraphicalHighlightDisabled</message>
				<value>false</value>
				<indication>ProhAre</indication>
			</selection>
		</selector>
		<selector id="CautionAreaHighlight" use="Required" type="Boolean">
			<description>
				<description>Disables the graphical highlight of crossing a Caution Area.</description>
				<language>eng</language>
			</description>
			<label>Caution Area Highlight</label>
			<selection default="true">
				<message>GraphicalHighlightEnabled</message>
				<value>true</value>
			</selection>
			<selection>
				<message>GraphicalHighlightDisabled</message>
				<value>false</value>
				<indication>ProhAre</indication>
			</selection>
		</selector>
		<selector id="OffshoreProductionAreaHighlight" use="Required" type="Boolean">
			<description>
				<description>Disables the graphical highlight of crossing an Offshore Production Area.</description>
				<language>eng</language>
			</description>
			<label>Offshore Production Area Highlight</label>
			<selection default="true">
				<message>GraphicalHighlightEnabled</message>
				<value>true</value>
			</selection>
			<selection>
				<message>GraphicalHighlightDisabled</message>
				<value>false</value>
				<indication>ProhAre</indication>
			</selection>
		</selector>
		<!-- NOTE: See S-101 DCEG 17.6 Areas to be avoided. -->
		<!-- NOTE2: The following three entries are already controlled as part of RestrictedAreaNavigational/Regulatory -->
		<selector id="AreaToBeAvoidedHighlight" use="Required" type="Boolean">
			<!-- RestrictedAreaNavigational with CATREA=14 -->
			<description>
				<description>Disables the graphical highlight of crossing an area to be avoided.</description>
				<language>eng</language>
			</description>
			<label>Area To Be Avoided Highlight</label>
			<selection default="true">
				<message>GraphicalHighlightEnabled</message>
				<value>true</value>
			</selection>
			<selection>
				<message>GraphicalHighlightDisabled</message>
				<value>false</value>
				<indication>ProhAre</indication>
			</selection>
		</selector>
		<selector id="IMOAreaToBeAvoidedHighlight" use="Required" type="Boolean">
			<!-- Navigational aid with CATREA=12 -->
			<description>
				<description>Disables the graphical highlight of crossing an IMO area to be avoided.</description>
				<language>eng</language>
			</description>
			<label>IMO Area To Be Avoided Highlight</label>
			<selection default="true">
				<message>GraphicalHighlightEnabled</message>
				<value>true</value>
			</selection>
			<selection>
				<message>GraphicalHighlightDisabled</message>
				<value>false</value>
				<indication>ProhAre</indication>
			</selection>
		</selector>
		<selector id="EntryProhibitedOrRestrictedHighlight" use="Required" type="Boolean">
			<!-- RestrictedAreaNavigational with CATREA=7 or 8 -->
			<description>
				<description>Disables the graphical highlight of crossing an area with Entry Prohibited or Entry Restricted.</description>
				<language>eng</language>
			</description>
			<label>Entry Prohibited / Entry Restricted Highlight</label>
			<selection default="true">
				<message>GraphicalHighlightEnabled</message>
				<value>true</value>
			</selection>
			<selection>
				<message>GraphicalHighlightDisabled</message>
				<value>false</value>
				<indication>ProhAre</indication>
			</selection>
		</selector>
		<selector id="UserDefinedAreaToBeAvoidedHighlight" use="Required" type="Boolean">
			<description>
				<description>Disables the graphical highlight of crossing a user defined area to be avoided.</description>
				<language>eng</language>
			</description>
			<label>User Defined Area to be Avoided Highlight</label>
			<selection default="true">
				<message>GraphicalHighlightEnabled</message>
				<value>true</value>
			</selection>
			<selection>
				<message>GraphicalHighlightDisabled</message>
				<value>false</value>
				<indication>ProhAre</indication>
			</selection>
		</selector>
		<selector id="MilitaryPracticeAreaHighlight" use="Required" type="Boolean">
			<description>
				<description>Disables the graphical highlight of crossing a Military Practice Area.</description>
				<language>eng</language>
			</description>
			<label>Military Practice Area Highlight</label>
			<selection default="true">
				<message>GraphicalHighlightEnabled</message>
				<value>true</value>
			</selection>
			<selection>
				<message>GraphicalHighlightDisabled</message>
				<value>false</value>
				<indication>ProhAre</indication>
			</selection>
		</selector>
		<selector id="SeaplaneLandingAreaHighlight" use="Required" type="Boolean">
			<description>
				<description>Disables the graphical highlight of crossing a Seaplane Landing Area.</description>
				<language>eng</language>
			</description>
			<label>Seaplane Landing Area Highlight</label>
			<selection default="true">
				<message>GraphicalHighlightEnabled</message>
				<value>true</value>
			</selection>
			<selection>
				<message>GraphicalHighlightDisabled</message>
				<value>false</value>
				<indication>ProhAre</indication>
			</selection>
		</selector>
		<selector id="SubmarineTransitLaneHighlight" use="Required" type="Boolean">
			<description>
				<description>Disables the graphical highlight of crossing a Submarine Transit Lane.</description>
				<language>eng</language>
			</description>
			<label>Submarine Transit Lane Highlight</label>
			<selection default="true">
				<message>GraphicalHighlightEnabled</message>
				<value>true</value>
			</selection>
			<selection>
				<message>GraphicalHighlightDisabled</message>
				<value>false</value>
				<indication>ProhAre</indication>
			</selection>
		</selector>
		<selector id="AnchorageAreaHighlight" use="Required" type="Boolean">
			<description>
				<description>Disables the graphical highlight of crossing an Anchorage Area.</description>
				<language>eng</language>
			</description>
			<label>Anchorage Area Highlight</label>
			<selection default="true">
				<message>GraphicalHighlightEnabled</message>
				<value>true</value>
			</selection>
			<selection>
				<message>GraphicalHighlightDisabled</message>
				<value>false</value>
				<indication>ProhAre</indication>
			</selection>
		</selector>
		<selector id="MarineFarmCultureHighlight" use="Required" type="Boolean">
			<description>
				<description>Disables the graphical highlight of crossing a Marine Farm Culture.</description>
				<language>eng</language>
			</description>
			<label>Marine Farm Culture Highlight</label>
			<selection default="true">
				<message>GraphicalHighlightEnabled</message>
				<value>true</value>
			</selection>
			<selection>
				<message>GraphicalHighlightDisabled</message>
				<value>false</value>
				<indication>ProhAre</indication>
			</selection>
		</selector>
		<!-- NOTE: Already controlled as part of RestrictedAreaNavigational/Regulatory -->
		<selector id="ParticularlySensitiveSeaAreaHighlight" use="Required" type="Boolean">
			<!-- RESARE with CATREA=28 -->
			<description>
				<description>Disables the graphical highlight of crossing a Particularly Sensitive Sea Area.</description>
				<language>eng</language>
			</description>
			<label>Particularly Sensitive Sea Area Highlight</label>
			<selection default="true">
				<message>GraphicalHighlightEnabled</message>
				<value>true</value>
			</selection>
			<selection>
				<message>GraphicalHighlightDisabled</message>
				<value>false</value>
				<indication>ProhAre</indication>
			</selection>
		</selector>
		<!-- END IEC 61174:2015 Annex C - Areas for which special conditions exist -->
		<!-- END Graphical highlighting -->
	</selectors>
	
	<alerts>
		<alert id="CrossingSafetyContour">
			<description>
				<description>IEC 61174:2015 4.10.3 (232/A11.4.3)</description>
				<language>eng</language>
			</description>
			<priority>Alarm</priority>
			<category>A</category>
			<trigger>Intersection</trigger>
			<icon>CrossingSafetyContourIcon</icon>
			<message>CrossingSafetyContour</message>
			<messageLocation>AlertManagement</messageLocation>
			<highlight>
				<display>Intersection</display>
				<lineStyle>AlarmHighlight</lineStyle>
				<selector>CrossingSafetyContourHighlight</selector>
			</highlight>
			<displayOnDemand>Feature and highlight</displayOnDemand>
		</alert>
		<alert id="CrossingAreaWithSpecialConditions">
			<description>
				<description>IEC 61174:2015 4.10.3 (232/A11.4.4)</description>
				<language>eng</language>
			</description>
			<!-- The currently selected value of the referenced selector indicates the alert priority -->
			<prioritySelector>CrossingSpecialConditionsPriority</prioritySelector>
			<category>A</category>
			<trigger>Intersection</trigger>
			<message>CrossingAreaWithSpecialConditions</message>
			<messageLocation>AlertManagement</messageLocation>
			<highlight>
				<display>Intersection</display>
				<lineStyle>WarningHighlight</lineStyle>
				<!-- selector will be specified in the drawing instruction -->
			</highlight>
			<displayOnDemand>Feature and highlight</displayOnDemand>
		</alert>
		<alert id="CrossingAreaWithSpecialConditionsCaution">
			<description>
				<description>IEC 61174:2015 4.10.3 (232/A11.4.4)</description>
				<language>eng</language>
			</description>
			<priority>Caution</priority>
			<category>A</category>
			<trigger>Intersection</trigger>
			<message>CrossingAreaWithSpecialConditions</message>
			<messageLocation>AlertManagement</messageLocation>
			<highlight>
				<display>Intersection</display>
				<lineStyle>WarningHighlight</lineStyle>
				<!-- disableHighlightSelector will be specified in the drawing instruction -->
			</highlight>
			<displayOnDemand>Feature and highlight</displayOnDemand>
		</alert>
		<!-- Indications displayed when graphical highlights are disabled -->
		<alert id="CrossingSafetyContourDisabled">
			<description>
				<description>Graphical highlight for CrossingSafetyContour alert has been disabled.</description>
				<language>eng</language>
			</description>
			<priority>PermanentIndication</priority>
			<message>CrossingSafetyContourDisabled</message>
			<messageLocation>Unspecified</messageLocation>
		</alert>
		<!-- END Indications displayed when graphical highlights are disabled -->
	</alerts>
</alertCatalog>