<?xml version="1.0" encoding="utf-8"?>
<S123:Dataset xmlns:S123="http://www.iho.int/S123/gml/1.0" xmlns:xsi="http://www.w3.org/2001/XMLSchema-instance" xmlns:gml="http://www.opengis.net/gml/3.2" xmlns:S100="http://www.iho.int/s100gml/1.0" xmlns:s100_profile="http://www.iho.int/S-100/profile/s100_gmlProfile" xmlns:xlink="http://www.w3.org/1999/xlink">
	<gml:boundedBy>
		<gml:Envelope srsName="EPSG:4326">
			<gml:lowerCorner>-70.418625 11.663503</gml:lowerCorner>
			<gml:upperCorner>-67.991631 15.410272</gml:upperCorner>
		</gml:Envelope>
	</gml:boundedBy>
	<DatasetIdentificationInformation>
		<S100:encodingSpecification>S-100 Part 10b</S100:encodingSpecification>
		<S100:encodingSpecificationEdition>1.0</S100:encodingSpecificationEdition>
		<S100:productIdentifier>S-123</S100:productIdentifier>
		<S100:productEdition>1.0</S100:productEdition>
		<S100:applicationProfile />
		<S100:datasetFileIdentifier>S123</S100:datasetFileIdentifier>
		<S100:datasetTitle>S-123 Radio Services - ABC</S100:datasetTitle>
		<S100:datasetReferenceDate>2020-09-21</S100:datasetReferenceDate>
		<S100:datasetLanguage>nl</S100:datasetLanguage>
		<S100:datasetTopicCategory>transportation</S100:datasetTopicCategory>
	</DatasetIdentificationInformation>
	<DatasetStructureInformation>
		<S100:datasetCoordOriginX>0.0</S100:datasetCoordOriginX>
		<S100:datasetCoordOriginY>0.0</S100:datasetCoordOriginY>
		<S100:datasetCoordOriginZ>0.0</S100:datasetCoordOriginZ>
		<S100:coordMultFactorX>1</S100:coordMultFactorX>
		<S100:coordMultFactorY>1</S100:coordMultFactorY>
		<S100:coordMultFactorZ>1</S100:coordMultFactorZ>
	</DatasetStructureInformation>
	<imember>
		<S123:ContactDetails gml:id="87257248325912617">
			<callName>Dutch Caribbean Coast Guard</callName>
			<callSign>Curacao Rescue (PJC)</callSign>
			<communicationChannel>16</communicationChannel>
			<communicationChannel>70</communicationChannel>
			<contactAddress>
				<deliveryPoint>Nightingaleweg 22</deliveryPoint>
			</contactAddress>
			<frequencyPair>
				<frequencyShoreStationReceives>2182</frequencyShoreStationReceives>
				<frequencyShoreStationReceives>2187.5</frequencyShoreStationReceives>
				<frequencyShoreStationTransmits>2182</frequencyShoreStationTransmits>
				<frequencyShoreStationTransmits>2187.5</frequencyShoreStationTransmits>
			</frequencyPair>
			<mMSICode>3061000</mMSICode>
			<onlineResource>
				<linkage>www.kustwacht.org</linkage>
				<protocol>https</protocol>
			</onlineResource>
			<telecommunications>
				<categoryOfCommPref>preferred calling</categoryOfCommPref>
				<telecommunicationIdentifier>rcc.curacao@mindef.nl</telecommunicationIdentifier>
				<telecommunicationService>email</telecommunicationService>
				<tmIntervalsByDoW>
					<dayOfWeek/>
					<timeReference>LT</timeReference>
					<timeOfDayStart/>
					<timeOfDayEnd/>
				</tmIntervalsByDoW>
			</telecommunications>
			<telecommunications>
				<categoryOfCommPref>preferred calling</categoryOfCommPref>
				<telecommunicationIdentifier>0059994637700</telecommunicationIdentifier>
				<contactInstructions>Emergency telephone number</contactInstructions>
				<telecommunicationService>voice</telecommunicationService>
				<tmIntervalsByDoW>
					<dayOfWeek/>
					<timeReference>LT</timeReference>
					<timeOfDayStart/>
					<timeOfDayEnd/>
				</tmIntervalsByDoW>
			</telecommunications>
			<telecommunications>
				<categoryOfCommPref>preferred calling</categoryOfCommPref>
				<telecommunicationIdentifier>0059994637950</telecommunicationIdentifier>
				<telecommunicationService>facsimile</telecommunicationService>
				<tmIntervalsByDoW>
					<dayOfWeek/>
					<timeReference>LT</timeReference>
					<timeOfDayStart/>
					<timeOfDayEnd/>
				</tmIntervalsByDoW>
			</telecommunications>
			<telecommunications>
				<categoryOfCommPref>preferred calling</categoryOfCommPref>
				<telecommunicationIdentifier>430600099</telecommunicationIdentifier>
				<contactInstructions>Inmarsat C</contactInstructions>
				<telecommunicationService>telex</telecommunicationService>
				<tmIntervalsByDoW>
					<dayOfWeek/>
					<timeReference>LT</timeReference>
					<timeOfDayStart/>
					<timeOfDayEnd/>
				</tmIntervalsByDoW>
			</telecommunications>
			<radiocommunications>
				<categoryOfCommPref>preferred calling</categoryOfCommPref>
				<categoryOfRadioMethods>Very High Frequency (VHF) voice traffic</categoryOfRadioMethods>
				<categoryOfRadioMethods>Medium Frequency (MF) voice traffic</categoryOfRadioMethods>
				<communicationChannel>16</communicationChannel>
				<communicationChannel>70</communicationChannel>
				<facsimileDrumSpeed />
				<timeOfObservation>
					<observationTime/>
					<timeReference>LT</timeReference>
				</timeOfObservation>
				<timesOfTransmission>
					<timeReference>LT</timeReference>
				</timesOfTransmission>
				<tmIntervalsByDoW>
					<dayOfWeek/>
					<timeReference>LT</timeReference>
					<timeOfDayStart/>
					<timeOfDayEnd/>
				</tmIntervalsByDoW>
			</radiocommunications>
			<radiocommunications>
				<categoryOfCommPref>preferred calling</categoryOfCommPref>
				<categoryOfRadioMethods>Very High Frequency (VHF) Digital Selective Call traffic</categoryOfRadioMethods>
				<categoryOfRadioMethods>Medium Frequency (MF) Digital Selective Call traffic</categoryOfRadioMethods>
				<facsimileDrumSpeed />
				<frequencyPair>
					<frequencyShoreStationReceives>2182</frequencyShoreStationReceives>
					<frequencyShoreStationReceives>2187.5</frequencyShoreStationReceives>
					<frequencyShoreStationTransmits>2182</frequencyShoreStationTransmits>
					<frequencyShoreStationTransmits>2187.5</frequencyShoreStationTransmits>
				</frequencyPair>
				<timeOfObservation>
					<observationTime/>
					<timeReference>LT</timeReference>
				</timeOfObservation>
				<timesOfTransmission>
					<timeReference>LT</timeReference>
				</timesOfTransmission>
				<tmIntervalsByDoW>
					<dayOfWeek/>
					<timeReference>LT</timeReference>
					<timeOfDayStart/>
					<timeOfDayEnd/>
				</tmIntervalsByDoW>
			</radiocommunications>
			<radiocommunications>
				<categoryOfCommPref>preferred calling</categoryOfCommPref>
				<categoryOfRadioMethods>Very High Frequency (VHF) Digital Selective Call traffic</categoryOfRadioMethods>
				<categoryOfRadioMethods>Medium Frequency (MF) Digital Selective Call traffic</categoryOfRadioMethods>
				<facsimileDrumSpeed />
				<frequencyPair>
					<frequencyShoreStationReceives>2182</frequencyShoreStationReceives>
					<frequencyShoreStationReceives>2187.5</frequencyShoreStationReceives>
					<frequencyShoreStationTransmits>2182</frequencyShoreStationTransmits>
					<frequencyShoreStationTransmits>2187.5</frequencyShoreStationTransmits>
				</frequencyPair>
				<timeOfObservation>
					<observationTime/>
					<timeReference>LT</timeReference>
				</timeOfObservation>
				<timesOfTransmission>
					<timeReference>LT</timeReference>
				</timesOfTransmission>
				<tmIntervalsByDoW>
					<dayOfWeek/>
					<timeReference>LT</timeReference>
					<timeOfDayStart/>
					<timeOfDayEnd/>
				</tmIntervalsByDoW>
			</radiocommunications>
		</S123:ContactDetails>
	</imember>
	<member>
		<S123:CoastguardStation gml:id="87257248325912683">
			<S100:featureObjectIdentifier>
				<agency>NL</agency>
				<featureIdentificationNumber>NL 1250642027 00001</featureIdentificationNumber>
				<featureIdentificationSubdivision>1</featureIdentificationSubdivision>
			</S100:featureObjectIdentifier>
			<fixedDateRange />
			<featureName>
				<displayName>true</displayName>
				<language>nl</language>
				<name>Dutch Caribbean Coast Guard</name>
			</featureName>
			<sourceIndication />
			<isMRCC>maritime Rescue and Coordination Centre</isMRCC>
			<theContactDetails xlink:href="#87257248325912617" xlink:role="http://www.iho.int/S-123/gml/1.0/theContactDetails" />
			<geometry>
				<S100:pointProperty>
					<S100:Point srsDimension="2" srsName="EPSG:4326" gml:id="P87257248325912683" xmlns:gml="http://www.opengis.net/gml">
						<gml:pos>-69.1333333 12</gml:pos>
					</S100:Point>
				</S100:pointProperty>
			</geometry>
		</S123:CoastguardStation>
	</member>
	<member>
		<S123:NavtexStationArea gml:id="87257248325912685">
			<S100:featureObjectIdentifier>
				<agency>NL</agency>
				<featureIdentificationNumber>NL 1250642029 00001</featureIdentificationNumber>
				<featureIdentificationSubdivision>1</featureIdentificationSubdivision>
			</S100:featureObjectIdentifier>
			<fixedDateRange />
			<featureName>
				<displayName>true</displayName>
				<language>nl</language>
				<name>Curacao</name>
			</featureName>
			<sourceIndication />
			<txIdentChar>H</txIdentChar>
			<serviceProvider xlink:href="#87257248325912656" xlink:role="http://www.iho.int/S-123/gml/1.0/serviceProvider" />
			<geometry>
				<S100:pointProperty>
					<S100:Point srsDimension="2" srsName="EPSG:4326" gml:id="P87257248325912685" xmlns:gml="http://www.opengis.net/gml">
						<gml:pos>-68.8546667 12.1718333</gml:pos>
					</S100:Point>
				</S100:pointProperty>
			</geometry>
		</S123:NavtexStationArea>
	</member>
	<member>
		<S123:RadioStation gml:id="87257248325912657">
			<S100:featureObjectIdentifier>
				<agency>NL</agency>
				<featureIdentificationNumber>NL 1250642001 00001</featureIdentificationNumber>
				<featureIdentificationSubdivision>1</featureIdentificationSubdivision>
			</S100:featureObjectIdentifier>
			<fixedDateRange />
			<featureName>
				<displayName>true</displayName>
				<language>nl</language>
				<name>Sint Joris</name>
			</featureName>
			<sourceIndication />
			<callSign>Curacao Rescue (PJC)</callSign>
			<categoryOfRadioStation>19</categoryOfRadioStation>
			<theContactDetails xlink:href="#87257248325912617" xlink:role="http://www.iho.int/S-123/gml/1.0/theContactDetails" />
			<serviceProvider xlink:href="#87257248325912656" xlink:role="http://www.iho.int/S-123/gml/1.0/serviceProvider" />
			<serviceArea xlink:href="#87257248325912751" xlink:role="http://www.iho.int/S-123/gml/1.0/serviceArea" />
			<geometry>
				<S100:pointProperty>
					<S100:Point srsDimension="2" srsName="EPSG:4326" gml:id="P87257248325912657" xmlns:gml="http://www.opengis.net/gml">
						<gml:pos>-68.8503333 12.1441667</gml:pos>
					</S100:Point>
				</S100:pointProperty>
			</geometry>
		</S123:RadioStation>
	</member>
	<member>
		<S123:RadioStation gml:id="87257248325912656">
			<S100:featureObjectIdentifier>
				<agency>NL</agency>
				<featureIdentificationNumber>NL 1250642000 00001</featureIdentificationNumber>
				<featureIdentificationSubdivision>1</featureIdentificationSubdivision>
			</S100:featureObjectIdentifier>
			<fixedDateRange />
			<featureName>
				<displayName>true</displayName>
				<language>nl</language>
				<name>Ronde Klip</name>
			</featureName>
			<sourceIndication />
			<categoryOfRadioStation>19</categoryOfRadioStation>
			<estimatedRangeOffTransmission>400</estimatedRangeOffTransmission>
			<theContactDetails xlink:href="#87257248325912617" xlink:role="http://www.iho.int/S-123/gml/1.0/theContactDetails" />
			<serviceProvider xlink:href="#87257248325912657" xlink:role="http://www.iho.int/S-123/gml/1.0/serviceProvider" />
			<serviceArea xlink:href="#87257248325912685" xlink:role="http://www.iho.int/S-123/gml/1.0/serviceArea" />
			<serviceArea xlink:href="#87257248325912750" xlink:role="http://www.iho.int/S-123/gml/1.0/serviceArea" />
			<serviceArea xlink:href="#87257248325912751" xlink:role="http://www.iho.int/S-123/gml/1.0/serviceArea" />
			<geometry>
				<S100:pointProperty>
					<S100:Point srsDimension="2" srsName="EPSG:4326" gml:id="P87257248325912656" xmlns:gml="http://www.opengis.net/gml">
						<gml:pos>-68.8546667 12.1718333</gml:pos>
					</S100:Point>
				</S100:pointProperty>
			</geometry>
		</S123:RadioStation>
	</member>
	<member>
		<S123:RadioStation gml:id="87257248325912658">
			<S100:featureObjectIdentifier>
				<agency>NL</agency>
				<featureIdentificationNumber>NL 1250642002 00001</featureIdentificationNumber>
				<featureIdentificationSubdivision>1</featureIdentificationSubdivision>
			</S100:featureObjectIdentifier>
			<fixedDateRange />
			<featureName>
				<displayName>true</displayName>
				<language>nl</language>
				<name>Aruba</name>
			</featureName>
			<sourceIndication />
			<callSign>Curacao Rescue (PJC)</callSign>
			<categoryOfRadioStation>19</categoryOfRadioStation>
			<estimatedRangeOffTransmission>35</estimatedRangeOffTransmission>
			<theContactDetails xlink:href="#87257248325912617" xlink:role="http://www.iho.int/S-123/gml/1.0/theContactDetails" />
			<serviceArea xlink:href="#87257248325912748" xlink:role="http://www.iho.int/S-123/gml/1.0/serviceArea" />
			<geometry>
				<S100:pointProperty>
					<S100:Point srsDimension="2" srsName="EPSG:4326" gml:id="P87257248325912658" xmlns:gml="http://www.opengis.net/gml">
						<gml:pos>-69.9401667 12.4868333</gml:pos>
					</S100:Point>
				</S100:pointProperty>
			</geometry>
		</S123:RadioStation>
	</member>
	<member>
		<S123:RadioStation gml:id="87257248325912660">
			<S100:featureObjectIdentifier>
				<agency>NL</agency>
				<featureIdentificationNumber>NL 1250642004 00001</featureIdentificationNumber>
				<featureIdentificationSubdivision>1</featureIdentificationSubdivision>
			</S100:featureObjectIdentifier>
			<fixedDateRange />
			<featureName>
				<displayName>true</displayName>
				<language>nl</language>
				<name>Curacao</name>
			</featureName>
			<sourceIndication />
			<callSign>Curacao Rescue (PJC)</callSign>
			<categoryOfRadioStation>19</categoryOfRadioStation>
			<estimatedRangeOffTransmission>40</estimatedRangeOffTransmission>
			<theContactDetails xlink:href="#87257248325912617" xlink:role="http://www.iho.int/S-123/gml/1.0/theContactDetails" />
			<serviceArea xlink:href="#87257248325912750" xlink:role="http://www.iho.int/S-123/gml/1.0/serviceArea" />
			<geometry>
				<S100:pointProperty>
					<S100:Point srsDimension="2" srsName="EPSG:4326" gml:id="P87257248325912660" xmlns:gml="http://www.opengis.net/gml">
						<gml:pos>-69.1333333 12</gml:pos>
					</S100:Point>
				</S100:pointProperty>
			</geometry>
		</S123:RadioStation>
	</member>
	<member>
		<S123:RadioStation gml:id="87257248325912659">
			<S100:featureObjectIdentifier>
				<agency>NL</agency>
				<featureIdentificationNumber>NL 1250642003 00001</featureIdentificationNumber>
				<featureIdentificationSubdivision>1</featureIdentificationSubdivision>
			</S100:featureObjectIdentifier>
			<fixedDateRange />
			<featureName>
				<displayName>true</displayName>
				<language>nl</language>
				<name>Bonaire</name>
			</featureName>
			<sourceIndication />
			<callSign>Curacao Rescue (PJC)</callSign>
			<categoryOfRadioStation>19</categoryOfRadioStation>
			<estimatedRangeOffTransmission>35</estimatedRangeOffTransmission>
			<theContactDetails xlink:href="#87257248325912617" xlink:role="http://www.iho.int/S-123/gml/1.0/theContactDetails" />
			<serviceArea xlink:href="#87257248325912749" xlink:role="http://www.iho.int/S-123/gml/1.0/serviceArea" />
			<geometry>
				<S100:pointProperty>
					<S100:Point srsDimension="2" srsName="EPSG:4326" gml:id="P87257248325912659" xmlns:gml="http://www.opengis.net/gml">
						<gml:pos>-68.3333333 12.2333333</gml:pos>
					</S100:Point>
				</S100:pointProperty>
			</geometry>
		</S123:RadioStation>
	</member>
	<member>
		<S123:InmarsatOceanRegionArea gml:id="87257248325923326">
			<S100:featureObjectIdentifier>
				<agency>NL</agency>
				<featureIdentificationNumber>NL 1250652670 00001</featureIdentificationNumber>
				<featureIdentificationSubdivision>1</featureIdentificationSubdivision>
			</S100:featureObjectIdentifier>
			<fixedDateRange />
			<featureName>
				<displayName>true</displayName>
				<language>nl</language>
				<name>AOR_W</name>
			</featureName>
			<sourceIndication />
			<geometry>
				<S100:surfaceProperty xmlns:S100="http://www.iho.int/s100gml/1.0">
					<gml:Polygon>
						<gml:exterior>
							<gml:LinearRing>
								<gml:posList>-70.418622 12.346842 -70.164156 12.348069 -70.142222 12.361844 -69.739569 12.258747 -69.548028 12.148508 -69.081061 11.876006 -68.956056 11.755169 -68.83105 11.738503 -68.601875 11.663503 -68.559233 11.663503 -68.4529187 11.663503 -68.390006 11.663503 -68.2137305 11.6635065 -67.991631 11.663511 -67.9916316 11.7618951 -67.991636 12.446853 -68.036333 12.591083 -68.0896005 12.7621009 -68.5915 14.373472 -68.864136 15.23805 -69.340822 15.349717 -69.579167 15.410272 -70.4148162 12.8240907 -70.418625 12.812303 -70.418622 12.346842</gml:posList>
							</gml:LinearRing>
						</gml:exterior>
					</gml:Polygon>
				</S100:surfaceProperty>
			</geometry>
		</S123:InmarsatOceanRegionArea>
	</member>
	<member>
		<S123:InmarsatOceanRegionArea gml:id="87257248325923327">
			<S100:featureObjectIdentifier>
				<agency>NL</agency>
				<featureIdentificationNumber>NL 1250652671 00001</featureIdentificationNumber>
				<featureIdentificationSubdivision>1</featureIdentificationSubdivision>
			</S100:featureObjectIdentifier>
			<fixedDateRange />
			<featureName>
				<displayName>true</displayName>
				<language>nl</language>
				<name>AOR_E</name>
			</featureName>
			<sourceIndication />
			<geometry>
				<S100:surfaceProperty xmlns:S100="http://www.iho.int/s100gml/1.0">
					<gml:Polygon>
						<gml:exterior>
							<gml:LinearRing>
								<gml:posList>-70.418622 12.346842 -70.164156 12.348069 -70.142222 12.361844 -69.739569 12.258747 -69.548028 12.148508 -69.081061 11.876006 -68.956056 11.755169 -68.83105 11.738503 -68.601875 11.663503 -68.559233 11.663503 -68.4529187 11.663503 -68.390006 11.663503 -68.2137305 11.6635065 -67.991631 11.663511 -67.9916316 11.7618951 -67.991636 12.446853 -68.036333 12.591083 -68.0896005 12.7621009 -68.5915 14.373472 -68.864136 15.23805 -69.340822 15.349717 -69.579167 15.410272 -70.4148162 12.8240907 -70.418625 12.812303 -70.418622 12.346842</gml:posList>
							</gml:LinearRing>
						</gml:exterior>
					</gml:Polygon>
				</S100:surfaceProperty>
			</geometry>
		</S123:InmarsatOceanRegionArea>
	</member>
	<member>
		<S123:NavigationalMeteorologicalArea gml:id="87257248325923328">
			<S100:featureObjectIdentifier>
				<agency>NL</agency>
				<featureIdentificationNumber>NL 1250652672 00001</featureIdentificationNumber>
				<featureIdentificationSubdivision>1</featureIdentificationSubdivision>
			</S100:featureObjectIdentifier>
			<fixedDateRange />
			<featureName>
				<displayName>true</displayName>
				<language>nl</language>
				<name>NAVAREA IV</name>
			</featureName>
			<sourceIndication />
			<geometry>
				<S100:surfaceProperty xmlns:S100="http://www.iho.int/s100gml/1.0">
					<gml:Polygon>
						<gml:exterior>
							<gml:LinearRing>
								<gml:posList>-70.418622 12.346842 -70.164156 12.348069 -70.142222 12.361844 -69.739569 12.258747 -69.548028 12.148508 -69.081061 11.876006 -68.956056 11.755169 -68.83105 11.738503 -68.601875 11.663503 -68.559233 11.663503 -68.4529187 11.663503 -68.390006 11.663503 -68.2137305 11.6635065 -67.991631 11.663511 -67.9916316 11.7618951 -67.991636 12.446853 -68.036333 12.591083 -68.0896005 12.7621009 -68.5915 14.373472 -68.864136 15.23805 -69.340822 15.349717 -69.579167 15.410272 -70.4148162 12.8240907 -70.418625 12.812303 -70.418622 12.346842</gml:posList>
							</gml:LinearRing>
						</gml:exterior>
					</gml:Polygon>
				</S100:surfaceProperty>
			</geometry>
		</S123:NavigationalMeteorologicalArea>
	</member>
	<member>
		<S123:WeatherForecastWarningArea gml:id="87257248325912682">
			<S100:featureObjectIdentifier>
				<agency>NL</agency>
				<featureIdentificationNumber>NL 1250642026 00001</featureIdentificationNumber>
				<featureIdentificationSubdivision>1</featureIdentificationSubdivision>
			</S100:featureObjectIdentifier>
			<fixedDateRange />
			<featureName>
				<displayName>true</displayName>
				<language>nl</language>
				<name>Caribbean Sea</name>
			</featureName>
			<sourceIndication />
			<categoryOfFrcstAndWarningArea>Safety NCP</categoryOfFrcstAndWarningArea>
			<nationality>NL</nationality>
			<geometry>
				<S100:surfaceProperty xmlns:S100="http://www.iho.int/s100gml/1.0">
					<gml:Polygon>
						<gml:exterior>
							<gml:LinearRing>
								<gml:posList>-70.418622 12.346842 -70.164156 12.348069 -70.142222 12.361844 -69.739569 12.258747 -69.548028 12.148508 -69.081061 11.876006 -68.956056 11.755169 -68.83105 11.738503 -68.601875 11.663503 -68.559233 11.663503 -68.4529187 11.663503 -68.390006 11.663503 -68.2137305 11.6635065 -67.991631 11.663511 -67.9916316 11.7618951 -67.991636 12.446853 -68.036333 12.591083 -68.0896005 12.7621009 -68.5915 14.373472 -68.864136 15.23805 -69.340822 15.349717 -69.579167 15.410272 -70.4148162 12.8240907 -70.418625 12.812303 -70.418622 12.346842</gml:posList>
							</gml:LinearRing>
						</gml:exterior>
					</gml:Polygon>
				</S100:surfaceProperty>
			</geometry>
		</S123:WeatherForecastWarningArea>
	</member>
	<member>
		<S123:RadioServiceArea gml:id="87257248325912748">
			<S100:featureObjectIdentifier>
				<agency>NL</agency>
				<featureIdentificationNumber>NL 1250642092 00001</featureIdentificationNumber>
				<featureIdentificationSubdivision>1</featureIdentificationSubdivision>
			</S100:featureObjectIdentifier>
			<fixedDateRange />
			<featureName>
				<displayName>true</displayName>
				<language>nl</language>
				<name>Dutch Caribbean Coastguard</name>
			</featureName>
			<sourceIndication />
			<categoryOfBroadcastCommunication>non-commercial</categoryOfBroadcastCommunication>
			<radiocommunications>
				<categoryOfMaritimeBroadcast>6</categoryOfMaritimeBroadcast>
				<categoryOfMaritimeBroadcast>7</categoryOfMaritimeBroadcast>
				<categoryOfRadioMethods>Very High Frequency (VHF) voice traffic</categoryOfRadioMethods>
				<communicationChannel>16</communicationChannel>
				<facsimileDrumSpeed />
				<timeOfObservation>
					<observationTime/>
					<timeReference/>
				</timeOfObservation>
				<timesOfTransmission />
				<transmissionRegularity>On request</transmissionRegularity>
			</radiocommunications>
			<serviceProvider xlink:href="#87257248325912658" xlink:role="http://www.iho.int/S-123/gml/1.0/serviceProvider" />
			<geometry>
				<S100:surfaceProperty xmlns:S100="http://www.iho.int/s100gml/1.0">
					<gml:Polygon>
						<gml:exterior>
							<gml:LinearRing>
								<gml:posList>-69.3578787 12.4868333 -69.3576054 12.496874 -69.3578636 12.5069122 -69.3583009 12.5169444 -69.3589174 12.5269675 -69.3597128 12.5369784 -69.360687 12.546974 -69.3618395 12.5569513 -69.3631702 12.5669072 -69.3646786 12.5768386 -69.3663642 12.5867425 -69.3682266 12.5966158 -69.3702652 12.6064554 -69.3724795 12.6162584 -69.3748686 12.6260217 -69.377432 12.6357423 -69.3801689 12.6454172 -69.3830784 12.6550435 -69.3861597 12.664618 -69.3894117 12.674138 -69.3928336 12.6836005 -69.3964244 12.6930024 -69.4001828 12.7023411 -69.4041078 12.7116135 -69.4081982 12.7208168 -69.4124527 12.7299481 -69.4168701 12.7390048 -69.4214489 12.7479838 -69.4261879 12.7568825 -69.4310855 12.7656982 -69.4361402 12.7744281 -69.4413506 12.7830694 -69.446715 12.7916196 -69.4522318 12.8000761 -69.4578992 12.8084361 -69.4637156 12.8166971 -69.4696792 12.8248565 -69.4757881 12.8329119 -69.4820405 12.8408608 -69.4884344 12.8487006 -69.4949679 12.856429 -69.501639 12.8640435 -69.5084457 12.8715419 -69.5153857 12.8789218 -69.5224571 12.8861809 -69.5296576 12.8933169 -69.536985 12.9003278 -69.544437 12.9072112 -69.5520114 12.9139651 -69.5597059 12.9205874 -69.567518 12.927076 -69.5754453 12.933429 -69.5834855 12.9396443 -69.5916359 12.94572 -69.5998942 12.9516543 -69.6082578 12.9574453 -69.616724 12.9630912 -69.6252903 12.9685903 -69.633954 12.9739409 -69.6427124 12.9791413 -69.6515629 12.9841899 -69.6605028 12.9890852 -69.6695291 12.9938256 -69.6786392 12.9984097 -69.6878302 13.002836 -69.6970994 13.0071031 -69.7064437 13.0112099 -69.7158604 13.0151549 -69.7253465 13.0189369 -69.7348991 13.0225549 -69.7445153 13.0260076 -69.754192 13.029294 -69.7639262 13.0324131 -69.773715 13.0353638 -69.7835553 13.0381454 -69.7934441 13.040757 -69.8033783 13.0431976 -69.8133548 13.0454666 -69.8233705 13.0475633 -69.8334224 13.049487 -69.8435073 13.0512371 -69.8536221 13.0528131 -69.8637637 13.0542145 -69.8739289 13.0554409 -69.8841145 13.0564918 -69.8943175 13.057367 -69.9045346 13.0580661 -69.9147627 13.058589 -69.9249987 13.0589355 -69.9352392 13.0591055 -69.9454813 13.059099 -69.9557216 13.0589158 -69.965957 13.0585562 -69.9761844 13.0580202 -69.9864006 13.057308 -69.9966024 13.0564198 -70.0067867 13.0553558 -70.0169502 13.0541164 -70.0270899 13.052702 -70.0372026 13.0511131 -70.0472851 13.0493501 -70.0573344 13.0474135 -70.0673474 13.045304 -70.0773209 13.0430222 -70.0872518 13.0405688 -70.0971371 13.0379446 -70.1069736 13.0351504 -70.1167585 13.0321871 -70.1264886 13.0290556 -70.1361609 13.0257568 -70.1457724 13.0222917 -70.1553201 13.0186616 -70.1648012 13.0148674 -70.1742126 13.0109103 -70.1835515 13.0067916 -70.1928149 13.0025126 -70.202 12.9980745 -70.211104 12.9934788 -70.220124 12.9887268 -70.2290573 12.9838201 -70.237901 12.9787602 -70.2466526 12.9735486 -70.2553091 12.9681869 -70.2638681 12.9626768 -70.2723268 12.95702 -70.2806826 12.9512183 -70.2889329 12.9452735 -70.2970753 12.9391873 -70.3051072 12.9329617 -70.313026 12.9265986 -70.3208295 12.9201 -70.3285151 12.9134679 -70.3360805 12.9067043 -70.3435233 12.8998113 -70.3508414 12.8927911 -70.3580323 12.8856458 -70.365094 12.8783776 -70.3720242 12.8709889 -70.3788209 12.8634818 -70.3854818 12.8558587 -70.392005 12.8481219 -70.3983885 12.8402739 -70.4046303 12.8323171 -70.4107285 12.8242539 -70.4166812 12.8160868 -70.4224866 12.8078184 -70.4281429 12.7994511 -70.4336484 12.7909876 -70.4390014 12.7824305 -70.4442003 12.7737825 -70.4492434 12.7650462 -70.4541293 12.7562243 -70.4588564 12.7473195 -70.4634233 12.7383346 -70.4678286 12.7292723 -70.472071 12.7201355 -70.4761491 12.710927 -70.4800618 12.7016495 -70.4838078 12.6923061 -70.487386 12.6828995 -70.4907953 12.6734327 -70.4940348 12.6639086 -70.4971033 12.65433 -70.5 12.6447001 -70.5 12.3301066 -70.4967748 12.3205526 -70.4937046 12.3109583 -70.4904637 12.3014185 -70.4870529 12.2919362 -70.4834733 12.2825142 -70.4797261 12.2731556 -70.4758124 12.2638631 -70.4717334 12.2546397 -70.4674905 12.2454881 -70.4630849 12.2364113 -70.4585181 12.227412 -70.4537914 12.2184929 -70.4489063 12.2096569 -70.4438643 12.2009067 -70.4386671 12.1922449 -70.4333162 12.1836742 -70.4278133 12.1751974 -70.4221601 12.1668168 -70.4163583 12.1585353 -70.4104098 12.1503552 -70.4043164 12.1422792 -70.39808 12.1343097 -70.3917025 12.1264492 -70.385186 12.1187001 -70.3785323 12.1110648 -70.3717436 12.1035456 -70.364822 12.0961448 -70.3577697 12.0888648 -70.3505887 12.0817077 -70.3432813 12.0746758 -70.3358498 12.0677712 -70.3282966 12.0609961 -70.3206238 12.0543526 -70.3128339 12.0478426 -70.3049292 12.0414683 -70.2969123 12.0352314 -70.2887857 12.0291341 -70.2805517 12.0231781 -70.2722129 12.0173653 -70.263772 12.0116975 -70.2552315 12.0061764 -70.246594 12.0008036 -70.2378623 11.995581 -70.2290389 11.99051 -70.2201267 11.9855923 -70.2111284 11.9808293 -70.2020467 11.9762225 -70.1928844 11.9717733 -70.1836443 11.9674831 -70.1743294 11.9633533 -70.1649424 11.959385 -70.1554863 11.9555795 -70.145964 11.951938 -70.1363783 11.9484616 -70.1267323 11.9451513 -70.1170289 11.9420082 -70.1072711 11.9390333 -70.0974618 11.9362274 -70.0876042 11.9335915 -70.0777012 11.9311262 -70.0677559 11.9288325 -70.0577714 11.9267109 -70.0477506 11.9247622 -70.0376968 11.922987 -70.0276129 11.9213857 -70.0175021 11.9199589 -70.0073674 11.9187071 -69.9972121 11.9176305 -69.9870392 11.9167296 -69.9768518 11.9160045 -69.9666531 11.9154557 -69.9564463 11.9150831 -69.9462343 11.9148869 -69.9360204 11.9148673 -69.9258078 11.9150241 -69.9155995 11.9153573 -69.9053987 11.9158669 -69.8952086 11.9165526 -69.8850322 11.9174144 -69.8748726 11.9184518 -69.8647331 11.9196646 -69.8546167 11.9210524 -69.8445266 11.9226148 -69.8344657 11.9243513 -69.8244373 11.9262614 -69.8144444 11.9283445 -69.8044901 11.9305999 -69.7945774 11.933027 -69.7847094 11.9356249 -69.7748892 11.938393 -69.7651196 11.9413303 -69.7554038 11.944436 -69.7457447 11.947709 -69.7361454 11.9511485 -69.7266086 11.9547533 -69.7171375 11.9585223 -69.7077349 11.9624544 -69.6984036 11.9665483 -69.6891467 11.9708029 -69.6799668 11.9752167 -69.6708669 11.9797885 -69.6618497 11.9845168 -69.652918 11.9894001 -69.6440746 11.9944371 -69.6353222 11.999626 -69.6266635 12.0049654 -69.6181012 12.0104536 -69.6096378 12.0160889 -69.6012761 12.0218695 -69.5930185 12.0277937 -69.5848676 12.0338597 -69.576826 12.0400656 -69.5688962 12.0464095 -69.5610805 12.0528894 -69.5533814 12.0595033 -69.5458012 12.0662492 -69.5383424 12.0731251 -69.5310072 12.0801288 -69.5237978 12.0872581 -69.5167166 12.094511 -69.5097656 12.101885 -69.5029471 12.109378 -69.4962632 12.1169876 -69.4897159 12.1247116 -69.4833072 12.1325475 -69.4770392 12.1404929 -69.4709137 12.1485454 -69.4649327 12.1567024 -69.4590981 12.1649616 -69.4534116 12.1733202 -69.4478751 12.1817759 -69.4424901 12.1903258 -69.4372585 12.1989675 -69.4321818 12.2076983 -69.4272616 12.2165154 -69.4224994 12.2254161 -69.4178968 12.2343978 -69.4134552 12.2434576 -69.4091758 12.2525927 -69.4050602 12.2618004 -69.4011096 12.2710777 -69.3973251 12.2804219 -69.3937081 12.2898299 -69.3902595 12.2992991 -69.3869806 12.3088263 -69.3838723 12.3184087 -69.3809356 12.3280434 -69.3781715 12.3377272 -69.3755807 12.3474574 -69.3731642 12.3572308 -69.3709227 12.3670444 -69.3688569 12.3768952 -69.3669675 12.3867802 -69.365255 12.3966963 -69.3637201 12.4066404 -69.3623631 12.4166096 -69.3611846 12.4266006 -69.3601849 12.4366104 -69.3593644 12.446636 -69.3587234 12.4566741 -69.358262 12.4667218 -69.3579804 12.4767759 -69.3578787 12.4868333</gml:posList>
							</gml:LinearRing>
						</gml:exterior>
					</gml:Polygon>
				</S100:surfaceProperty>
			</geometry>
		</S123:RadioServiceArea>
	</member>
	<member>
		<S123:RadioServiceArea gml:id="87257248325912750">
			<S100:featureObjectIdentifier>
				<agency>NL</agency>
				<featureIdentificationNumber>NL 1250642094 00001</featureIdentificationNumber>
				<featureIdentificationSubdivision>1</featureIdentificationSubdivision>
			</S100:featureObjectIdentifier>
			<fixedDateRange />
			<featureName>
				<displayName>true</displayName>
				<language>nl</language>
				<name>Dutch Caribbean Coastguard</name>
			</featureName>
			<sourceIndication />
			<categoryOfBroadcastCommunication>non-commercial</categoryOfBroadcastCommunication>
			<radiocommunications>
				<categoryOfMaritimeBroadcast>6</categoryOfMaritimeBroadcast>
				<categoryOfMaritimeBroadcast>7</categoryOfMaritimeBroadcast>
				<categoryOfRadioMethods>Very High Frequency (VHF) voice traffic</categoryOfRadioMethods>
				<communicationChannel>16</communicationChannel>
				<communicationChannel>26</communicationChannel>
				<communicationChannel>27</communicationChannel>
				<facsimileDrumSpeed />
				<timeOfObservation>
					<observationTime/>
					<timeReference/>
				</timeOfObservation>
				<timesOfTransmission />
				<transmissionRegularity>On request</transmissionRegularity>
			</radiocommunications>
			<serviceProvider xlink:href="#87257248325912660" xlink:role="http://www.iho.int/S-123/gml/1.0/serviceProvider" />
			<serviceProvider xlink:href="#87257248325912656" xlink:role="http://www.iho.int/S-123/gml/1.0/serviceProvider" />
			<geometry>
				<S100:surfaceProperty xmlns:S100="http://www.iho.int/s100gml/1.0">
					<gml:Polygon>
						<gml:exterior>
							<gml:LinearRing>
								<gml:posList>-68.4678613 12 -68.4679492 12.0114652 -68.4682409 12.0229272 -68.4687363 12.0343824 -68.4694353 12.0458273 -68.4703378 12.0572583 -68.4714435 12.0686721 -68.4727521 12.0800651 -68.4742632 12.0914337 -68.4759763 12.1027746 -68.477891 12.1140842 -68.4800067 12.1253591 -68.4823228 12.1365958 -68.4848386 12.1477909 -68.4875534 12.1589408 -68.4904663 12.1700424 -68.4935764 12.181092 -68.4968829 12.1920863 -68.5003848 12.203022 -68.5040809 12.2138956 -68.5079703 12.2247039 -68.5120516 12.2354435 -68.5163238 12.2461112 -68.5207854 12.2567036 -68.5254352 12.2672175 -68.5302718 12.2776497 -68.5352937 12.287997 -68.5404993 12.2982561 -68.5458871 12.308424 -68.5514554 12.3184975 -68.5572026 12.3284735 -68.563127 12.3383489 -68.5692266 12.3481208 -68.5754997 12.3577861 -68.5819444 12.3673418 -68.5885586 12.376785 -68.5953404 12.3861128 -68.6022877 12.3953223 -68.6093984 12.4044107 -68.6166703 12.4133752 -68.6241012 12.4222131 -68.6316888 12.4309215 -68.6394308 12.4394979 -68.6473249 12.4479396 -68.6553685 12.456244 -68.6635594 12.4644085 -68.6718948 12.4724307 -68.6803724 12.480308 -68.6889895 12.4880381 -68.6977434 12.4956185 -68.7066315 12.5030469 -68.715651 12.5103211 -68.7247993 12.5174387 -68.7340734 12.5243977 -68.7434705 12.5311957 -68.7529878 12.5378309 -68.7626222 12.544301 -68.772371 12.5506042 -68.782231 12.5567385 -68.7921992 12.5627019 -68.8022726 12.5684927 -68.812448 12.574109 -68.8227224 12.5795492 -68.8330925 12.5848115 -68.8435553 12.5898944 -68.8541073 12.5947962 -68.8647456 12.5995155 -68.8754666 12.6040507 -68.8862672 12.6084006 -68.8971439 12.6125637 -68.9080936 12.6165388 -68.9191127 12.6203246 -68.9301979 12.62392 -68.9413457 12.6273239 -68.9525528 12.6305352 -68.9638157 12.6335529 -68.9751309 12.6363762 -68.9864948 12.639004 -68.9979041 12.6414357 -69.0093552 12.6436704 -69.0208446 12.6457075 -69.0323686 12.6475463 -69.0439238 12.6491863 -69.0555066 12.650627 -69.0671134 12.651868 -69.0787407 12.6529087 -69.0903848 12.653749 -69.1020421 12.6543886 -69.1137091 12.6548272 -69.1253822 12.6550648 -69.1370577 12.6551012 -69.1487321 12.6549364 -69.1604017 12.6545706 -69.1720629 12.6540037 -69.1837123 12.6532361 -69.195346 12.6522679 -69.2069606 12.6510994 -69.2185526 12.649731 -69.2301182 12.648163 -69.2416539 12.6463961 -69.2531562 12.6444307 -69.2646215 12.6422675 -69.2760464 12.639907 -69.2874272 12.6373501 -69.2987604 12.6345975 -69.3100426 12.6316501 -69.3212703 12.6285088 -69.33244 12.6251745 -69.3435483 12.6216483 -69.3545917 12.6179313 -69.3655669 12.6140246 -69.3764704 12.6099294 -69.387299 12.605647 -69.3980492 12.6011787 -69.4087177 12.5965258 -69.4193014 12.5916899 -69.4297968 12.5866724 -69.4402009 12.5814749 -69.4505103 12.5760989 -69.4607219 12.5705462 -69.4708326 12.5648183 -69.4808393 12.5589172 -69.4907388 12.5528446 -69.5005281 12.5466023 -69.5102043 12.5401924 -69.5197644 12.5336167 -69.5292053 12.5268774 -69.5385243 12.5199765 -69.5477184 12.512916 -69.5567848 12.5056983 -69.5657208 12.4983254 -69.5745237 12.4907998 -69.5831906 12.4831236 -69.591719 12.4752993 -69.6001062 12.4673293 -69.6083497 12.459216 -69.6164469 12.450962 -69.6243954 12.4425697 -69.6321927 12.4340418 -69.6398365 12.4253808 -69.6473244 12.4165895 -69.6546541 12.4076705 -69.6618234 12.3986267 -69.6688301 12.3894606 -69.6756721 12.3801753 -69.6823472 12.3707736 -69.6888535 12.3612583 -69.6951889 12.3516323 -69.7013516 12.3418987 -69.7073396 12.3320604 -69.7131511 12.3221204 -69.7187844 12.3120819 -69.7242378 12.3019478 -69.7295095 12.2917214 -69.7345981 12.2814056 -69.7395019 12.2710038 -69.7442195 12.2605191 -69.7487494 12.2499548 -69.7530903 12.239314 -69.7572409 12.2286 -69.7611999 12.2178162 -69.7649661 12.2069658 -69.7685384 12.1960522 -69.7719158 12.1850787 -69.7750971 12.1740487 -69.7780815 12.1629656 -69.7808681 12.1518328 -69.783456 12.1406537 -69.7858445 12.1294316 -69.7880328 12.1181702 -69.7900204 12.1068727 -69.7918065 12.0955428 -69.7933908 12.0841838 -69.7947727 12.0727992 -69.7959519 12.0613926 -69.796928 12.0499674 -69.7977007 12.0385271 -69.7982699 12.0270752 -69.7986354 12.0156153 -69.798797 12.0041508 -69.7987548 11.9926853 -69.7985089 11.9812223 -69.7980592 11.9697653 -69.797406 11.9583177 -69.7965495 11.9468831 -69.79549 11.9354651 -69.7942279 11.924067 -69.7927635 11.9126924 -69.7910973 11.9013448 -69.7892298 11.8900276 -69.7871618 11.8787443 -69.7848937 11.8674983 -69.7824264 11.8562931 -69.7797606 11.8451322 -69.7768971 11.8340188 -69.7738368 11.8229565 -69.7705808 11.8119486 -69.76713 11.8009984 -69.7634855 11.7901094 -69.7596484 11.7792848 -69.75562 11.768528 -69.7514015 11.7578422 -69.7469941 11.7472307 -69.7423993 11.7366967 -69.7376185 11.7262435 -69.7326532 11.7158743 -69.7275048 11.7055922 -69.7221751 11.6954003 -69.7166656 11.6853018 -69.710978 11.6752998 -69.7051142 11.6653973 -69.6990758 11.6555973 -69.6928648 11.6459028 -69.6864831 11.6363168 -69.6799326 11.6268422 -69.6732154 11.6174819 -69.6663336 11.6082388 -69.6592891 11.5991156 -69.6520843 11.5901152 -69.6447212 11.5812403 -69.6372023 11.5724935 -69.6295297 11.5638777 -69.6217058 11.5553953 -69.6137331 11.5470491 -69.605614 11.5388414 -69.5973509 11.5307749 -69.5889464 11.522852 -69.580403 11.5150751 -69.5717235 11.5074465 -69.5629103 11.4999687 -69.5539663 11.4926438 -69.5448942 11.4854742 -69.5356967 11.4784619 -69.5263766 11.4716092 -69.5169369 11.464918 -69.5073803 11.4583906 -69.4977098 11.4520288 -69.4879283 11.4458345 -69.4780389 11.4398098 -69.4680445 11.4339563 -69.4579483 11.4282759 -69.4477532 11.4227704 -69.4374623 11.4174413 -69.4270789 11.4122903 -69.4166061 11.407319 -69.4060471 11.402529 -69.3954051 11.3979215 -69.3846833 11.3934982 -69.373885 11.3892602 -69.3630136 11.3852089 -69.3520722 11.3813456 -69.3410642 11.3776713 -69.3299931 11.3741873 -69.3188621 11.3708946 -69.3076747 11.3677941 -69.2964342 11.3648869 -69.2851442 11.3621737 -69.2738079 11.3596555 -69.2624289 11.3573331 -69.2510106 11.355207 -69.2395565 11.353278 -69.2280701 11.3515466 -69.2165549 11.3500134 -69.2050144 11.3486788 -69.193452 11.3475433 -69.1818714 11.3466072 -69.170276 11.3458707 -69.1586694 11.3453341 -69.1470551 11.3449976 -69.1354366 11.3448613 -69.1238174 11.3449251 -69.1122012 11.3451892 -69.1005913 11.3456533 -69.0889915 11.3463175 -69.0774051 11.3471813 -69.0658357 11.3482447 -69.0542869 11.3495073 -69.0427621 11.3509686 -69.0312649 11.3526283 -69.0197987 11.3544858 -69.0083671 11.3565406 -68.9969734 11.3587921 -68.9856213 11.3612395 -68.9743141 11.3638822 -68.9630553 11.3667192 -68.9518482 11.3697499 -68.9406964 11.3729731 -68.9296032 11.376388 -68.918572 11.3799935 -68.9076062 11.3837885 -68.896709 11.3877719 -68.8858839 11.3919424 -68.875134 11.3962988 -68.8644627 11.4008398 -68.8538733 11.4055639 -68.8433689 11.4104698 -68.8329528 11.4155559 -68.8226281 11.4208206 -68.812398 11.4262625 -68.8022655 11.4318798 -68.7922339 11.4376708 -68.7823062 11.4436338 -68.7724853 11.4497669 -68.7627743 11.4560682 -68.7531761 11.4625359 -68.7436937 11.4691681 -68.73433 11.4759625 -68.7250878 11.4829173 -68.7159699 11.4900302 -68.7069792 11.4972991 -68.6981184 11.5047219 -68.6893902 11.5122961 -68.6807972 11.5200196 -68.6723422 11.5278899 -68.6640276 11.5359047 -68.655856 11.5440616 -68.64783 11.5523579 -68.639952 11.5607913 -68.6322244 11.5693592 -68.6246495 11.5780588 -68.6172298 11.5868876 -68.6099674 11.5958429 -68.6028646 11.604922 -68.5959237 11.614122 -68.5891466 11.6234402 -68.5825355 11.6328738 -68.5760925 11.6424198 -68.5698195 11.6520753 -68.5637184 11.6618375 -68.5577912 11.6717032 -68.5520396 11.6816696 -68.5464654 11.6917335 -68.5410704 11.7018919 -68.5358562 11.7121417 -68.5308244 11.7224798 -68.5259767 11.7329029 -68.5213144 11.743408 -68.516839 11.7539918 -68.5125519 11.7646511 -68.5084545 11.7753826 -68.504548 11.786183 -68.5008337 11.7970491 -68.4973126 11.8079775 -68.493986 11.8189649 -68.4908547 11.8300079 -68.4879199 11.8411032 -68.4851824 11.8522473 -68.4826431 11.8634369 -68.4803029 11.8746685 -68.4781623 11.8859387 -68.4762222 11.897244 -68.4744831 11.908581 -68.4729456 11.9199462 -68.4716101 11.9313362 -68.4704772 11.9427475 -68.4695472 11.9541764 -68.4688204 11.9656197 -68.468297 11.9770737 -68.4679773 11.988535 -68.4678613 12</gml:posList>
							</gml:LinearRing>
						</gml:exterior>
					</gml:Polygon>
				</S100:surfaceProperty>
			</geometry>
		</S123:RadioServiceArea>
	</member>
	<member>
		<S123:RadioServiceArea gml:id="87257248325912749">
			<S100:featureObjectIdentifier>
				<agency>NL</agency>
				<featureIdentificationNumber>NL 1250642093 00001</featureIdentificationNumber>
				<featureIdentificationSubdivision>1</featureIdentificationSubdivision>
			</S100:featureObjectIdentifier>
			<fixedDateRange />
			<featureName>
				<displayName>true</displayName>
				<language>nl</language>
				<name>Dutch Caribbean Coastguard</name>
			</featureName>
			<sourceIndication />
			<categoryOfBroadcastCommunication>non-commercial</categoryOfBroadcastCommunication>
			<radiocommunications>
				<categoryOfMaritimeBroadcast>6</categoryOfMaritimeBroadcast>
				<categoryOfMaritimeBroadcast>7</categoryOfMaritimeBroadcast>
				<categoryOfRadioMethods>Very High Frequency (VHF) voice traffic</categoryOfRadioMethods>
				<communicationChannel>16</communicationChannel>
				<facsimileDrumSpeed />
				<timeOfObservation>
					<observationTime/>
					<timeReference/>
				</timeOfObservation>
				<timesOfTransmission />
				<transmissionRegularity>On request</transmissionRegularity>
			</radiocommunications>
			<serviceProvider xlink:href="#87257248325912659" xlink:role="http://www.iho.int/S-123/gml/1.0/serviceProvider" />
			<geometry>
				<S100:surfaceProperty xmlns:S100="http://www.iho.int/s100gml/1.0">
					<gml:Polygon>
						<gml:exterior>
							<gml:LinearRing>
								<gml:posList>-67.9166667 11.833581 -67.9166667 12.6337013 -67.9238766 12.6408284 -67.9312132 12.64783 -67.938674 12.6547039 -67.9462569 12.6614481 -67.9539595 12.6680604 -67.9617794 12.6745387 -67.9697143 12.6808812 -67.9777616 12.6870857 -67.9859189 12.6931505 -67.9941837 12.6990736 -68.0025534 12.7048531 -68.0110255 12.7104874 -68.0195973 12.7159747 -68.0282661 12.7213132 -68.0370294 12.7265013 -68.0458844 12.7315374 -68.0548284 12.7364199 -68.0638585 12.7411474 -68.0729721 12.7457184 -68.0821663 12.7501314 -68.0914382 12.7543851 -68.100785 12.7584782 -68.1102039 12.7624094 -68.1196918 12.7661775 -68.1292458 12.7697813 -68.1388631 12.7732197 -68.1485405 12.7764916 -68.1582752 12.7795961 -68.1680642 12.7825322 -68.1779043 12.7852989 -68.1877925 12.7878954 -68.1977258 12.7903209 -68.2077011 12.7925746 -68.2177153 12.7946559 -68.2277654 12.7965641 -68.2378481 12.7982986 -68.2479604 12.7998589 -68.2580992 12.8012445 -68.2682613 12.8024549 -68.2784435 12.8034898 -68.2886427 12.8043489 -68.2988558 12.8050319 -68.3090795 12.8055386 -68.3193108 12.8058688 -68.3295464 12.8060225 -68.3397832 12.8059995 -68.350018 12.8057999 -68.3602476 12.8054238 -68.3704689 12.8048712 -68.3806786 12.8041424 -68.3908737 12.8032375 -68.401051 12.8021569 -68.4112073 12.8009009 -68.4213395 12.7994698 -68.4314444 12.7978641 -68.441519 12.7960844 -68.45156 12.7941311 -68.4615644 12.7920049 -68.4715291 12.7897064 -68.4814509 12.7872363 -68.4913269 12.7845955 -68.501154 12.7817846 -68.5109291 12.7788047 -68.5206492 12.7756565 -68.5303113 12.7723412 -68.5399124 12.7688596 -68.5494495 12.765213 -68.5589198 12.7614024 -68.5683201 12.7574289 -68.5776477 12.7532939 -68.5868997 12.7489987 -68.5960732 12.7445444 -68.6051653 12.7399326 -68.6141733 12.7351646 -68.6230944 12.730242 -68.6319258 12.7251662 -68.6406648 12.7199388 -68.6493087 12.7145614 -68.6578548 12.7090358 -68.6663005 12.7033635 -68.6746431 12.6975464 -68.6828802 12.6915863 -68.6910092 12.685485 -68.6990274 12.6792444 -68.7069326 12.6728664 -68.7147223 12.666353 -68.7223939 12.6597062 -68.7299453 12.6529281 -68.737374 12.6460207 -68.7446778 12.6389863 -68.7518545 12.6318269 -68.7589017 12.6245448 -68.7658174 12.6171422 -68.7725995 12.6096215 -68.7792457 12.6019849 -68.7857542 12.5942348 -68.7921229 12.5863737 -68.7983498 12.5784038 -68.8044331 12.5703278 -68.8103708 12.5621481 -68.8161612 12.5538671 -68.8218024 12.5454876 -68.8272929 12.537012 -68.8326307 12.528443 -68.8378145 12.5197832 -68.8428424 12.5110353 -68.8477131 12.502202 -68.8524251 12.493286 -68.8569768 12.4842901 -68.8613669 12.4752171 -68.8655941 12.4660697 -68.869657 12.4568508 -68.8735546 12.4475632 -68.8772854 12.4382098 -68.8808485 12.4287934 -68.8842428 12.4193171 -68.8874671 12.4097836 -68.8905206 12.4001959 -68.8934024 12.3905571 -68.8961115 12.38087 -68.8986471 12.3711377 -68.9010085 12.3613631 -68.9031949 12.3515492 -68.9052058 12.3416992 -68.9070405 12.331816 -68.9086984 12.3219026 -68.9101791 12.3119621 -68.9114822 12.3019976 -68.9126072 12.2920122 -68.9135539 12.2820089 -68.9143219 12.2719908 -68.9149111 12.2619609 -68.9153212 12.2519225 -68.9155522 12.2418785 -68.9156041 12.231832 -68.9154768 12.2217862 -68.9151704 12.2117442 -68.9146849 12.2017089 -68.9140207 12.1916836 -68.9131779 12.1816713 -68.9121567 12.171675 -68.9109576 12.1616979 -68.9095808 12.151743 -68.9080269 12.1418134 -68.9062964 12.1319121 -68.9043897 12.1220421 -68.9023075 12.1122066 -68.9000505 12.1024085 -68.8976194 12.0926509 -68.8950149 12.0829367 -68.8922379 12.0732689 -68.8892891 12.0636505 -68.8861697 12.0540844 -68.8828804 12.0445736 -68.8794224 12.035121 -68.8757968 12.0257296 -68.8720046 12.0164021 -68.868047 12.0071415 -68.8639254 11.9979505 -68.8596408 11.9888321 -68.8551948 11.979789 -68.8505886 11.970824 -68.8458238 11.9619398 -68.8409017 11.9531392 -68.8358239 11.9444249 -68.830592 11.9357995 -68.8252075 11.9272657 -68.8196723 11.9188261 -68.8139878 11.9104833 -68.8081561 11.9022398 -68.8021787 11.8940982 -68.7960576 11.886061 -68.7897947 11.8781306 -68.7833918 11.8703095 -68.776851 11.8626001 -68.7701743 11.8550047 -68.7633637 11.8475256 -68.7564214 11.8401652 -68.7493494 11.8329257 -68.74215 11.8258093 -68.7348254 11.8188183 -68.7273777 11.8119546 -68.7198094 11.8052205 -68.7121227 11.7986181 -68.70432 11.7921492 -68.6964037 11.785816 -68.6883762 11.7796203 -68.68024 11.7735641 -68.6719975 11.7676492 -68.6636514 11.7618774 -68.6552042 11.7562505 -68.6466585 11.7507702 -68.6380168 11.7454382 -68.6292819 11.7402561 -68.6204564 11.7352255 -68.611543 11.7303479 -68.6025445 11.7256249 -68.5934636 11.7210579 -68.5843031 11.7166482 -68.5750658 11.7123973 -68.5657545 11.7083064 -68.5563722 11.7043768 -68.5469216 11.7006096 -68.5374056 11.6970061 -68.5278272 11.6935674 -68.5181893 11.6902944 -68.5084949 11.6871883 -68.4987469 11.6842499 -68.4889483 11.6814801 -68.4791021 11.6788798 -68.4692113 11.6764498 -68.4592789 11.6741908 -68.449308 11.6721036 -68.4393017 11.6701887 -68.4292629 11.6684468 -68.4191948 11.6668783 -68.4091005 11.6654838 -68.3989829 11.6642637 -68.3888453 11.6632183 -68.3786908 11.662348 -68.3685223 11.6616531 -68.3583431 11.6611337 -68.3481562 11.66079 -68.3379648 11.6606222 -68.327772 11.6606302 -68.3175809 11.6608141 -68.3073946 11.6611738 -68.2972162 11.6617092 -68.2870489 11.6624201 -68.2768958 11.6633064 -68.2667599 11.6643677 -68.2566443 11.6656038 -68.2465522 11.6670142 -68.2364867 11.6685985 -68.2264507 11.6703562 -68.2164475 11.6722868 -68.20648 11.6743898 -68.1965513 11.6766644 -68.1866645 11.6791099 -68.1768225 11.6817257 -68.1670283 11.6845109 -68.1572851 11.6874647 -68.1475957 11.6905861 -68.1379631 11.6938742 -68.1283903 11.697328 -68.1188802 11.7009465 -68.1094357 11.7047285 -68.1000597 11.7086729 -68.090755 11.7127784 -68.0815246 11.7170439 -68.0723713 11.7214679 -68.0632978 11.7260493 -68.0543069 11.7307864 -68.0454015 11.735678 -68.0365841 11.7407225 -68.0278576 11.7459183 -68.0192246 11.751264 -68.0106877 11.7567577 -68.0022496 11.7623979 -67.9939128 11.7681828 -67.98568 11.7741107 -67.9775536 11.7801797 -67.9695362 11.786388 -67.9616301 11.7927337 -67.9538379 11.7992148 -67.9461619 11.8058294 -67.9386044 11.8125754 -67.9311679 11.8194507 -67.9238546 11.8264533 -67.9166667 11.833581</gml:posList>
							</gml:LinearRing>
						</gml:exterior>
					</gml:Polygon>
				</S100:surfaceProperty>
			</geometry>
		</S123:RadioServiceArea>
	</member>
	<member>
		<S123:RadioServiceArea gml:id="87257248325912751">
			<S100:featureObjectIdentifier>
				<agency>NL</agency>
				<featureIdentificationNumber>NL 1250642095 00001</featureIdentificationNumber>
				<featureIdentificationSubdivision>1</featureIdentificationSubdivision>
			</S100:featureObjectIdentifier>
			<fixedDateRange />
			<sourceIndication />
			<categoryOfBroadcastCommunication>non-commercial</categoryOfBroadcastCommunication>
			<radiocommunications>
				<categoryOfMaritimeBroadcast>1</categoryOfMaritimeBroadcast>
				<categoryOfMaritimeBroadcast>7</categoryOfMaritimeBroadcast>
				<categoryOfMaritimeBroadcast>6</categoryOfMaritimeBroadcast>
				<communicationChannel>518</communicationChannel>
				<facsimileDrumSpeed />
				<timeOfObservation>
					<observationTime/>
					<timeReference/>
				</timeOfObservation>
				<timesOfTransmission />
				<transmissionRegularity>0110-0510-0910-1310-1710-2110</transmissionRegularity>
				<transmissionRegularity>1310</transmissionRegularity>
			</radiocommunications>
			<serviceProvider xlink:href="#87257248325912656" xlink:role="http://www.iho.int/S-123/gml/1.0/serviceProvider" />
			<serviceProvider xlink:href="#87257248325912657" xlink:role="http://www.iho.int/S-123/gml/1.0/serviceProvider" />
			<geometry>
				<S100:surfaceProperty xmlns:S100="http://www.iho.int/s100gml/1.0">
					<gml:Polygon>
						<gml:exterior>
							<gml:LinearRing>
								<gml:posList>-67.9166667 5.6905685 -67.9166667 11.1333333 -67.9166667 11.833581 -67.9166667 12.6337013 -67.9166667 12.8333333 -67.9166667 15.4166667 -70.5 15.4166667 -70.5 12.8333333 -70.5 12.6447001 -70.5 12.3301066 -70.5 11.1333333 -70.5 5.8311149 -70.3837362 5.8080693 -70.2684128 5.7815453 -70.1526411 5.7570838 -70.0364572 5.7346925 -69.9198976 5.7143787 -69.8029991 5.6961488 -69.6857983 5.6800085 -69.5683321 5.6659631 -69.4506372 5.654017 -69.3327507 5.644174 -69.2147096 5.6364372 -69.096551 5.6308091 -68.9783119 5.6272915 -68.8600296 5.6258855 -68.7417411 5.6265916 -68.6234835 5.6294096 -68.5052941 5.6343385 -68.38721 5.6413767 -68.2692682 5.6505221 -68.1515057 5.6617717 -68.0339596 5.6751219 -67.9166667 5.6905685</gml:posList>
							</gml:LinearRing>
						</gml:exterior>
					</gml:Polygon>
				</S100:surfaceProperty>
			</geometry>
		</S123:RadioServiceArea>
	</member>
</S123:Dataset>