
<!DOCTYPE html>
<html class="client-nojs" lang="en" dir="ltr">
<head>
<meta charset="UTF-8"/>
<title>File:Italy.XML - IHO Nautical Information Processing Working Group</title>
<script>document.documentElement.className="client-js";RLCONF={"wgBreakFrames":!1,"wgSeparatorTransformTable":["",""],"wgDigitTransformTable":["",""],"wgDefaultDateFormat":"dmy","wgMonthNames":["","January","February","March","April","May","June","July","August","September","October","November","December"],"wgRequestId":"38593f7c36ac56b1149e84f3","wgCSPNonce":!1,"wgCanonicalNamespace":"File","wgCanonicalSpecialPageName":!1,"wgNamespaceNumber":6,"wgPageName":"File:Italy.XML","wgTitle":"Italy.XML","wgCurRevisionId":8612,"wgRevisionId":8612,"wgArticleId":1158,"wgIsArticle":!0,"wgIsRedirect":!1,"wgAction":"view","wgUserName":null,"wgUserGroups":["*"],"wgCategories":[],"wgPageContentLanguage":"en","wgPageContentModel":"wikitext","wgRelevantPageName":"File:Italy.XML","wgRelevantArticleId":1158,"wgIsProbablyEditable":!1,"wgRelevantPageIsProbablyEditable":!1,"wgRestrictionEdit":[],"wgRestrictionMove":[],"wgRestrictionUpload":[]};RLSTATE={"site.styles":"ready","noscript":"ready",
"user.styles":"ready","user":"ready","user.options":"loading","filepage":"ready","mediawiki.action.view.filepage":"ready","skins.vector.styles.legacy":"ready"};RLPAGEMODULES=["site","mediawiki.page.startup","mediawiki.page.ready","skins.vector.legacy.js"];</script>
<script>(RLQ=window.RLQ||[]).push(function(){mw.loader.implement("user.options@1hzgi",function($,jQuery,require,module){/*@nomin*/mw.user.tokens.set({"patrolToken":"+\\","watchToken":"+\\","csrfToken":"+\\"});
});});</script>
<link rel="stylesheet" href="/npubwiki/wiki/load.php?lang=en&amp;modules=filepage%7Cmediawiki.action.view.filepage%7Cskins.vector.styles.legacy&amp;only=styles&amp;skin=vector"/>
<script async="" src="/npubwiki/wiki/load.php?lang=en&amp;modules=startup&amp;only=scripts&amp;raw=1&amp;skin=vector"></script>
<meta name="generator" content="MediaWiki 1.35.10"/>
<link rel="shortcut icon" href="http://wp12183585.server-he.de/npubwiki/wiki/NIPWGWikiIcon32.jpg"/>
<link rel="search" type="application/opensearchdescription+xml" href="/npubwiki/wiki/opensearch_desc.php" title="IHO Nautical Information Processing Working Group (en)"/>
<link rel="EditURI" type="application/rsd+xml" href="//wp12183585.server-he.de/npubwiki/wiki/api.php?action=rsd"/>
<link rel="alternate" type="application/atom+xml" title="IHO Nautical Information Processing Working Group Atom feed" href="/npubwiki/wiki/index.php?title=Special:RecentChanges&amp;feed=atom"/>
<!--[if lt IE 9]><script src="/npubwiki/wiki/resources/lib/html5shiv/html5shiv.js"></script><![endif]-->
</head>
<body class="mediawiki ltr sitedir-ltr mw-hide-empty-elt ns-6 ns-subject page-File_Italy_XML rootpage-File_Italy_XML skin-vector action-view skin-vector-legacy">
<div id="mw-page-base" class="noprint"></div>
<div id="mw-head-base" class="noprint"></div>
<div id="content" class="mw-body" role="main">
	<a id="top"></a>
	<div id="siteNotice" class="mw-body-content"></div>
	<div class="mw-indicators mw-body-content">
	</div>
	<h1 id="firstHeading" class="firstHeading" lang="en">File:Italy.XML</h1>
	<div id="bodyContent" class="mw-body-content">
		<div id="siteSub" class="noprint">From IHO Nautical Information Processing Working Group</div>
		<div id="contentSub"></div>
		<div id="contentSub2"></div>
		
		<div id="jump-to-nav"></div>
		<a class="mw-jump-link" href="#mw-head">Jump to navigation</a>
		<a class="mw-jump-link" href="#searchInput">Jump to search</a>
		<div id="mw-content-text"><ul id="filetoc"><li><a href="#file">File</a></li>
<li><a href="#filehistory">File history</a></li>
<li><a href="#filelinks">File usage</a></li></ul><div class="fullMedia"><p><span class="dangerousLink"><a href="/npubwiki/wiki/images/d/df/Italy.XML" class="internal" title="Italy.XML">Italy.XML</a></span> &#8206;<span class="fileInfo">(file size: 24 KB, MIME type: <span class="mime-type">application/xml</span>)</span>
</p></div><div class="mediaWarning"><p><strong>Warning:</strong> This file type may contain malicious code.
By executing it, your system may be compromised.
</p></div><div id="mw-imagepage-content" lang="en" dir="ltr" class="mw-content-ltr"><div class="mw-parser-output">
<!-- 
NewPP limit report
Cached time: 20241115101635
Cache expiry: 86400
Dynamic content: false
Complications: []
CPU time usage: 0.000 seconds
Real time usage: 0.000 seconds
Preprocessor visited node count: 0/1000000
Post‐expand include size: 0/2097152 bytes
Template argument size: 0/2097152 bytes
Highest expansion depth: 0/40
Expensive parser function count: 0/100
Unstrip recursion depth: 0/20
Unstrip post‐expand size: 0/5000000 bytes
-->
<!--
Transclusion expansion time report (%,ms,calls,template)
100.00%    0.000      1 -total
-->

<!-- Saved in parser cache with key db12183585?hnwiki-mediawiki:pcache:idhash:1158-0!canonical and timestamp 20241115101635 and revision id 8612
 -->
</div></div><h2 id="filehistory">File history</h2>
<div id="mw-imagepage-section-filehistory">
<p>Click on a date/time to view the file as it appeared at that time.
</p>
<table class="wikitable filehistory">
<tr><th></th><th>Date/Time</th><th>Dimensions</th><th>User</th><th>Comment</th></tr>
<tr><td>current</td><td class='filehistory-selected' style='white-space: nowrap;'><a href="/npubwiki/wiki/images/d/df/Italy.XML">11:43, 11 March 2019</a></td><td> <span style="white-space: nowrap;">(24 KB)</span></td><td><a href="/npubwiki/wiki/index.php/User:Jens" class="mw-userlink" title="User:Jens"><bdi>Jens</bdi></a><span style="white-space: nowrap;"> <span class="mw-usertoollinks">(<a href="/npubwiki/wiki/index.php?title=User_talk:Jens&amp;action=edit&amp;redlink=1" class="new mw-usertoollinks-talk" title="User talk:Jens (page does not exist)">talk</a> | <a href="/npubwiki/wiki/index.php/Special:Contributions/Jens" class="mw-usertoollinks-contribs" title="Special:Contributions/Jens">contribs</a>)</span></span></td><td dir="ltr"></td></tr>
</table>

</div>
<div class="mw-imagepage-upload-links"><p id="mw-imagepage-upload-disallowed">You cannot overwrite this file.</p></div><h2 id="filelinks">File usage</h2>
<div id='mw-imagepage-section-linkstoimage'>
<p>The following page uses this file:
</p><ul class="mw-imagepage-linkstoimage">
<li class="mw-imagepage-linkstoimage-ns0"><a href="/npubwiki/wiki/index.php/NtM_Chart-correction_XML" title="NtM Chart-correction XML">NtM Chart-correction XML</a></li>
</ul>
</div>
</div><div class="printfooter">Retrieved from "<a dir="ltr" href="http://wp12183585.server-he.de/npubwiki/wiki/index.php?title=File:Italy.XML&amp;oldid=8612">http://wp12183585.server-he.de/npubwiki/wiki/index.php?title=File:Italy.XML&amp;oldid=8612</a>"</div>
		<div id="catlinks" class="catlinks catlinks-allhidden" data-mw="interface"></div>
	</div>
</div>

<div id="mw-navigation">
	<h2>Navigation menu</h2>
	<div id="mw-head">
		<!-- Please do not use role attribute as CSS selector, it is deprecated. -->
<nav id="p-personal" class="vector-menu" aria-labelledby="p-personal-label" role="navigation" 
	 >
	<h3 id="p-personal-label">
		<span>Personal tools</span>
	</h3>
	<!-- Please do not use the .body class, it is deprecated. -->
	<div class="body vector-menu-content">
		<!-- Please do not use the .menu class, it is deprecated. -->
		<ul class="vector-menu-content-list"><li id="pt-login"><a href="/npubwiki/wiki/index.php?title=Special:UserLogin&amp;returnto=File%3AItaly.XML" title="You are encouraged to log in; however, it is not mandatory [o]" accesskey="o">Log in</a></li></ul>
		
	</div>
</nav>


		<div id="left-navigation">
			<!-- Please do not use role attribute as CSS selector, it is deprecated. -->
<nav id="p-namespaces" class="vector-menu vector-menu-tabs vectorTabs" aria-labelledby="p-namespaces-label" role="navigation" 
	 >
	<h3 id="p-namespaces-label">
		<span>Namespaces</span>
	</h3>
	<!-- Please do not use the .body class, it is deprecated. -->
	<div class="body vector-menu-content">
		<!-- Please do not use the .menu class, it is deprecated. -->
		<ul class="vector-menu-content-list"><li id="ca-nstab-image" class="selected"><a href="/npubwiki/wiki/index.php/File:Italy.XML" title="View the file page [c]" accesskey="c">File</a></li><li id="ca-talk" class="new"><a href="/npubwiki/wiki/index.php?title=File_talk:Italy.XML&amp;action=edit&amp;redlink=1" rel="discussion" title="Discussion about the content page (page does not exist) [t]" accesskey="t">Discussion</a></li></ul>
		
	</div>
</nav>


			<!-- Please do not use role attribute as CSS selector, it is deprecated. -->
<nav id="p-variants" class="vector-menu-empty emptyPortlet vector-menu vector-menu-dropdown vectorMenu" aria-labelledby="p-variants-label" role="navigation" 
	 >
	<input type="checkbox" class="vector-menu-checkbox vectorMenuCheckbox" aria-labelledby="p-variants-label" />
	<h3 id="p-variants-label">
		<span>Variants</span>
	</h3>
	<!-- Please do not use the .body class, it is deprecated. -->
	<div class="body vector-menu-content">
		<!-- Please do not use the .menu class, it is deprecated. -->
		<ul class="menu vector-menu-content-list"></ul>
		
	</div>
</nav>


		</div>
		<div id="right-navigation">
			<!-- Please do not use role attribute as CSS selector, it is deprecated. -->
<nav id="p-views" class="vector-menu vector-menu-tabs vectorTabs" aria-labelledby="p-views-label" role="navigation" 
	 >
	<h3 id="p-views-label">
		<span>Views</span>
	</h3>
	<!-- Please do not use the .body class, it is deprecated. -->
	<div class="body vector-menu-content">
		<!-- Please do not use the .menu class, it is deprecated. -->
		<ul class="vector-menu-content-list"><li id="ca-view" class="collapsible selected"><a href="/npubwiki/wiki/index.php/File:Italy.XML">Read</a></li><li id="ca-viewsource" class="collapsible"><a href="/npubwiki/wiki/index.php?title=File:Italy.XML&amp;action=edit" title="This page is protected.&#10;You can view its source [e]" accesskey="e">View source</a></li><li id="ca-history" class="collapsible"><a href="/npubwiki/wiki/index.php?title=File:Italy.XML&amp;action=history" title="Past revisions of this page [h]" accesskey="h">View history</a></li></ul>
		
	</div>
</nav>


			<!-- Please do not use role attribute as CSS selector, it is deprecated. -->
<nav id="p-cactions" class="vector-menu-empty emptyPortlet vector-menu vector-menu-dropdown vectorMenu" aria-labelledby="p-cactions-label" role="navigation" 
	 >
	<input type="checkbox" class="vector-menu-checkbox vectorMenuCheckbox" aria-labelledby="p-cactions-label" />
	<h3 id="p-cactions-label">
		<span>More</span>
	</h3>
	<!-- Please do not use the .body class, it is deprecated. -->
	<div class="body vector-menu-content">
		<!-- Please do not use the .menu class, it is deprecated. -->
		<ul class="menu vector-menu-content-list"></ul>
		
	</div>
</nav>


			<div id="p-search" role="search">
	<h3 >
		<label for="searchInput">Search</label>
	</h3>
	<form action="/npubwiki/wiki/index.php" id="searchform">
		<div id="simpleSearch">
			<input type="search" name="search" placeholder="Search IHO Nautical Information Processing Working Group" title="Search IHO Nautical Information Processing Working Group [f]" accesskey="f" id="searchInput"/>
			<input type="hidden" name="title" value="Special:Search">
			<input type="submit" name="fulltext" value="Search" title="Search the pages for this text" id="mw-searchButton" class="searchButton mw-fallbackSearchButton"/>
			<input type="submit" name="go" value="Go" title="Go to a page with this exact name if it exists" id="searchButton" class="searchButton"/>
		</div>
	</form>
</div>

		</div>
	</div>
	
<div id="mw-panel">
	<div id="p-logo" role="banner">
		<a  title="Visit the main page" class="mw-wiki-logo" href="/npubwiki/wiki/index.php/Main_Page"></a>
	</div>
	<!-- Please do not use role attribute as CSS selector, it is deprecated. -->
<nav id="p-Navigation" class="vector-menu vector-menu-portal portal portal-first" aria-labelledby="p-Navigation-label" role="navigation" 
	 >
	<h3 id="p-Navigation-label">
		<span>Navigation</span>
	</h3>
	<!-- Please do not use the .body class, it is deprecated. -->
	<div class="body vector-menu-content">
		<!-- Please do not use the .menu class, it is deprecated. -->
		<ul class="vector-menu-content-list"><li id="n-Main-Page"><a href="/npubwiki/wiki/index.php/Main_Page">Main Page</a></li><li id="n-Test-Data-Samples"><a href="/npubwiki/wiki/index.php/SNPWG6">Test Data Samples</a></li><li id="n-FCD"><a href="/npubwiki/wiki/index.php/SNPWG">FCD</a></li><li id="n-ProdSpec.2FUML"><a href="/npubwiki/wiki/index.php/SNPWG2">ProdSpec/UML</a></li><li id="n-Confidence-of-NautInf"><a href="/npubwiki/wiki/index.php/SNPWG5">Confidence of NautInf</a></li><li id="n-XML-of-NtM-chrt-corr"><a href="/npubwiki/wiki/index.php/NtM_Chart-correction_XML">XML of NtM chrt corr</a></li><li id="n-Hrb-Infrastructure"><a href="/npubwiki/wiki/index.php/NIPWG_S-1xx_hrb_infrstrctr">Hrb Infrastructure</a></li><li id="n-Envrm-Conditions"><a href="/npubwiki/wiki/index.php/NIPWG_S-126_envrm_cndtn">Envrm Conditions</a></li><li id="n-SD-Gap-Analysis"><a href="/npubwiki/wiki/index.php/SDs/S-100_Gap_Analysis">SD Gap Analysis</a></li><li id="n-legacy-NIPWG-entry"><a href="/npubwiki/wiki/index.php/Legacy_NIPWG_entry_site">legacy NIPWG entry</a></li></ul>
		
	</div>
</nav>


	<!-- Please do not use role attribute as CSS selector, it is deprecated. -->
<nav id="p-Supplementary information" class="vector-menu-empty emptyPortlet vector-menu vector-menu-portal portal" aria-labelledby="p-Supplementary information-label" role="navigation" 
	 >
	<h3 id="p-Supplementary information-label">
		<span>Supplementary information</span>
	</h3>
	<!-- Please do not use the .body class, it is deprecated. -->
	<div class="body vector-menu-content">
		<!-- Please do not use the .menu class, it is deprecated. -->
		<ul class="vector-menu-content-list"></ul>
		
	</div>
</nav>

<!-- Please do not use role attribute as CSS selector, it is deprecated. -->
<nav id="p-Recent Changes" class="vector-menu vector-menu-portal portal" aria-labelledby="p-Recent Changes-label" role="navigation" 
	 >
	<h3 id="p-Recent Changes-label">
		<span>Recent Changes</span>
	</h3>
	<!-- Please do not use the .body class, it is deprecated. -->
	<div class="body vector-menu-content">
		<!-- Please do not use the .menu class, it is deprecated. -->
		<ul class="vector-menu-content-list"><li id="n-Recent-changes"><a href="/npubwiki/wiki/index.php/Special:RecentChanges">Recent changes</a></li></ul>
		
	</div>
</nav>

<!-- Please do not use role attribute as CSS selector, it is deprecated. -->
<nav id="p-Help" class="vector-menu vector-menu-portal portal" aria-labelledby="p-Help-label" role="navigation" 
	 >
	<h3 id="p-Help-label">
		<span>Help</span>
	</h3>
	<!-- Please do not use the .body class, it is deprecated. -->
	<div class="body vector-menu-content">
		<!-- Please do not use the .menu class, it is deprecated. -->
		<ul class="vector-menu-content-list"><li id="n-Site"><a href="/npubwiki/wiki/index.php/Help:Contents">Site</a></li><li id="n-General"><a href="https://www.mediawiki.org/wiki/Special:MyLanguage/Help:Contents">General</a></li></ul>
		
	</div>
</nav>

<!-- Please do not use role attribute as CSS selector, it is deprecated. -->
<nav id="p-Support" class="vector-menu vector-menu-portal portal" aria-labelledby="p-Support-label" role="navigation" 
	 >
	<h3 id="p-Support-label">
		<span>Support</span>
	</h3>
	<!-- Please do not use the .body class, it is deprecated. -->
	<div class="body vector-menu-content">
		<!-- Please do not use the .menu class, it is deprecated. -->
		<ul class="vector-menu-content-list"><li id="n-sitesupport"><a href="/npubwiki/wiki/index.php/Sitesupport-url">sitesupport</a></li></ul>
		
	</div>
</nav>

<!-- Please do not use role attribute as CSS selector, it is deprecated. -->
<nav id="p-Sandbox" class="vector-menu vector-menu-portal portal" aria-labelledby="p-Sandbox-label" role="navigation" 
	 >
	<h3 id="p-Sandbox-label">
		<span>Sandbox</span>
	</h3>
	<!-- Please do not use the .body class, it is deprecated. -->
	<div class="body vector-menu-content">
		<!-- Please do not use the .menu class, it is deprecated. -->
		<ul class="vector-menu-content-list"><li id="n-Sandbox"><a href="/npubwiki/wiki/index.php/Sandbox">Sandbox</a></li></ul>
		
	</div>
</nav>

<!-- Please do not use role attribute as CSS selector, it is deprecated. -->
<nav id="p-tb" class="vector-menu vector-menu-portal portal" aria-labelledby="p-tb-label" role="navigation" 
	 >
	<h3 id="p-tb-label">
		<span>Tools</span>
	</h3>
	<!-- Please do not use the .body class, it is deprecated. -->
	<div class="body vector-menu-content">
		<!-- Please do not use the .menu class, it is deprecated. -->
		<ul class="vector-menu-content-list"><li id="t-whatlinkshere"><a href="/npubwiki/wiki/index.php/Special:WhatLinksHere/File:Italy.XML" title="A list of all wiki pages that link here [j]" accesskey="j">What links here</a></li><li id="t-recentchangeslinked"><a href="/npubwiki/wiki/index.php/Special:RecentChangesLinked/File:Italy.XML" rel="nofollow" title="Recent changes in pages linked from this page [k]" accesskey="k">Related changes</a></li><li id="t-specialpages"><a href="/npubwiki/wiki/index.php/Special:SpecialPages" title="A list of all special pages [q]" accesskey="q">Special pages</a></li><li id="t-print"><a href="javascript:print();" rel="alternate" title="Printable version of this page [p]" accesskey="p">Printable version</a></li><li id="t-permalink"><a href="/npubwiki/wiki/index.php?title=File:Italy.XML&amp;oldid=8612" title="Permanent link to this revision of the page">Permanent link</a></li><li id="t-info"><a href="/npubwiki/wiki/index.php?title=File:Italy.XML&amp;action=info" title="More information about this page">Page information</a></li></ul>
		
	</div>
</nav>


	
</div>

</div>

<footer id="footer" class="mw-footer" role="contentinfo" >
	<ul id="footer-info" >
		<li id="footer-info-lastmod"> This page was last edited on 11 March 2019, at 11:43.</li>
	</ul>
	<ul id="footer-places" >
		<li id="footer-places-privacy"><a href="/npubwiki/wiki/index.php/IHO_Nautical_Information_Processing_Working_Group:Privacy_policy" title="IHO Nautical Information Processing Working Group:Privacy policy">Privacy policy</a></li>
		<li id="footer-places-about"><a href="/npubwiki/wiki/index.php/IHO_Nautical_Information_Processing_Working_Group:About" title="IHO Nautical Information Processing Working Group:About">About IHO Nautical Information Processing Working Group</a></li>
		<li id="footer-places-disclaimer"><a href="/npubwiki/wiki/index.php/IHO_Nautical_Information_Processing_Working_Group:General_disclaimer" title="IHO Nautical Information Processing Working Group:General disclaimer">Disclaimers</a></li>
	</ul>
	<ul id="footer-icons" class="noprint">
		<li id="footer-poweredbyico"><a href="https://www.mediawiki.org/"><img src="/npubwiki/wiki/resources/assets/poweredby_mediawiki_88x31.png" alt="Powered by MediaWiki" srcset="/npubwiki/wiki/resources/assets/poweredby_mediawiki_132x47.png 1.5x, /npubwiki/wiki/resources/assets/poweredby_mediawiki_176x62.png 2x" width="88" height="31" loading="lazy"/></a></li>
	</ul>
	<div style="clear: both;"></div>
</footer>



<script>(RLQ=window.RLQ||[]).push(function(){mw.config.set({"wgPageParseReport":{"limitreport":{"cputime":"0.000","walltime":"0.000","ppvisitednodes":{"value":0,"limit":1000000},"postexpandincludesize":{"value":0,"limit":2097152},"templateargumentsize":{"value":0,"limit":2097152},"expansiondepth":{"value":0,"limit":40},"expensivefunctioncount":{"value":0,"limit":100},"unstrip-depth":{"value":0,"limit":20},"unstrip-size":{"value":0,"limit":5000000},"timingprofile":["100.00%    0.000      1 -total"]},"cachereport":{"timestamp":"20241115101635","ttl":86400,"transientcontent":false}}});mw.config.set({"wgBackendResponseTime":746});});</script></body></html>
