<?xml version="1.0" encoding="UTF-8"?>

<!-- SAMPLE ALERT CATALOGUE CONTENTS -->
<alertCatalog version="0.1">
	<!-- A container of messages -->
    <messages>
		<!-- A sample message -->
		<!-- Attributes:
			id: A unique key by which the message can be referenced.
			icon: Optional. A reference to a portrayal catalogue symbol.
		-->
		<message id="UniqueMessageKeyExample"
			icon="SomePortrayalCatalogSymbol">
			<!-- Describes the purpose of the message -->
			<description>
				<name>Sample message name (optional)</name>
				<description>Describes the purpose of this message</description>
				<language>eng</language>
			</description>
			<!-- The text of the message in various languages -->
			<text>Message written in English</text>
			<text language="kor">한국어로 작성된 메시지</text>
		</message>
    </messages>
	<!-- A container of highlights -->
	<highlights>
		<!-- A sample graphical highlight control -->
		<!-- Attributes:
			id: A unique key by which the highlight can be referenced.
			optional: Optional. Indicates whether allowing the highlight to be turned off is required.
			msg: Optional. A reference to a message to be displayed while any of the included viewing groups are disabled.
		-->
		<highlight id="GraphicalHighlighting" optional="true" msg="HighlightOffMsg">
			<!-- Describes the purpose of the highlight -->
            <description>
                <description>Used to turn on or off the graphical highlighting of alerts</description>
                <language>eng</language>
            </description>
			<!-- The viewing group(s) which serve as the UI components of the highlight control -->
			<viewingGroup ref="1"/>
		</highlight>
	</highlights>
	<!-- A container of alerts -->
    <alerts>
		<!-- A sample alert -->
        <alert id="SampleAlert">
			<!-- Describes the purpose of the alert -->
            <description>
                <description>A sample alert entry</description>
                <language>eng</language>
            </description>
			<!-- The behavior for an alert when triggered in route monitoring mode -->
			<!-- msg: A message to display in alert management when the alert is active -->
			<!-- highlight: Turns the graphical highlight of the alert on or off -->
            <routeMonitor msg="UniqueMessageKeyExample" highlight="GraphicalHighlighting">
				<!-- Either a set of alert priorities, or a single alert priority -->
				<priorities label="ReferenceToMsgForAlertPrioritySelectionLabel">
					<!-- Shows how to indicate a default alert priority -->
					<priority default="true">Caution</priority>
					<!-- An optionally selectable, non-default alert priority -->
					<priority optional="true">Warning</priority>
				</priorities>
            </routeMonitor>
			<!-- The behavior of the alert in route planning mode -->
            <routePlan msg="UniqueMessageKeyExample" highlight="GraphicalHighlighting">
				<!-- A fixed priority for an alert -->
                <priority>Indication</priority>
            </routePlan>
        </alert>
    </alerts>
</alertCatalog>