<?xml version="1.0" encoding="UTF-8" standalone="no"?>
<svg>
    <g id="__defaultRestrictedAreaLine" style="stroke-width:0.087;stroke:RGB(0 0 0)"/>
    <g id="__defaultRestrictedAreaText" style="font-family:San Serif;font-size:12;stroke:RGB(0 0 0)"/>
    <g id="__defaultRestrictedAreaSymbol" style="stroke-width:0.087;stroke:RGB(0 0 0)"/>
    <g id="__defaultRestrictedAreaFill" style="fill:RGB(204 204 204)"/>
    <g id="__defaultSeaAreaLine" style="stroke-width:0.087;stroke:RGB(0 0 0)"/>
    <g id="__defaultSeaAreaFill" style="fill:RGB(204 255 255)"/>
    <g id="__defaultSeaAreaText" style="font-family:San Serif;font-size:12;stroke:RGB(0 0 0)"/>
    <g id="__defaultSeaAreaSymbol" style="stroke-width:0.087;stroke:RGB(0 0 0)"/>
    <g id="__defaultMarineServiceLine" style="stroke-width:0.087;stroke:RGB(0 0 0)"/>
    <g id="__defaultMarineServiceFill" style="fill:RGB(255 204 204)"/>
    <g id="__defaultMarineServiceSymbol" style="stroke-width:0.087;stroke:RGB(0 0 0)"/>
    <g id="__defaultMarineServiceText" style="font-family:San Serif;font-size:12;stroke:RGB(0 0 0)"/>
    <g id="__defaultMarineProtectedAreaText" style="font-family:San Serif;font-size:12;stroke:RGB(0 0 0)"/>
    <g id="__defaultMarineProtectedAreaLine" style="stroke-width:0.087;stroke:RGB(0 0 0)"/>
    <g id="__defaultMarineProtectedAreaFill" style="fill:RGB(204 255 204)"/>
    <g id="__defaultMarineProtectedAreaSymbol" style="stroke-width:0.087;stroke:RGB(0 0 0)"/>
    <g id="__defaultQualityOfNPInformationFill" style="fill-opacity:0.49803922;fill:RGB(255 255 204)"/>
    <g id="__defaultQualityOfNPInformationText" style="font-family:San Serif;font-size:12;stroke:RGB(0 0 0)"/>
    <g id="__defaultQualityOfNPInformationSymbol" style="stroke-width:0.087;stroke:RGB(0 0 0)"/>
    <g id="__defaultQualityOfNPInformationLine" style="stroke-width:0.087;stroke:RGB(0 0 0)"/>
    
    <g id="__defaultRegulationsFill" style="fill-opacity:0.49803922;fill:RGB(0 0 0)"/>
<g id="__defaultShipReportLine" style="stroke-width:0.087;stroke:RGB(0 0 0)"/>
<g id="__defaultApplicabilityText" style="font-family:San Serif;font-size:12;stroke:RGB(0 0 0)"/>
<g id="__defaultNauticalInformationSymbol" style="stroke-width:0.087;stroke:RGB(0 0 0)"/>
<g id="__defaultRegulationsLine" style="stroke-width:0.087;stroke:RGB(0 0 0)"/>
<g id="__defaultPointSymbol" style="stroke-width:0.087;fill:RGB(0 0 0);stroke:RGB(0 0 0)"/>
<g id="__defaultContactDetailsLine" style="stroke-width:0.087;stroke:RGB(0 0 0)"/>
<g id="__defaultAuthorityFill" style="fill-opacity:0.49803922;fill:RGB(0 0 0)"/>
<g id="__defaultRecommendationsText" style="font-family:San Serif;font-size:12;stroke:RGB(0 0 0)"/>
<g id="__defaultAuthorityText" style="font-family:San Serif;font-size:12;stroke:RGB(0 0 0)"/>  
<g id="__defaultAuthoritySymbol" style="stroke-width:0.087;stroke:RGB(0 0 0)"/>
<g id="__defaultAuthorityLine" style="stroke-width:0.087;stroke:RGB(0 0 0)"/>
<g id="__defaultRegulationsText" style="font-family:San Serif;font-size:12;stroke:RGB(0 0 0)"/>

<g id="__defaultApplicabilityLine" style="stroke-width:0.087;stroke:RGB(0 0 0)"/>
<g id="__defaultRecommendationsSymbol" style="stroke-width:0.087;stroke:RGB(0 0 0)"/>
<g id="__defaultApplicabilitySymbol" style="stroke-width:0.087;stroke:RGB(0 0 0)"/>
<g id="__defaultNauticalInformationLine" style="stroke-width:0.087;stroke:RGB(0 0 0)"/>
<g id="__defaultShipReportSymbol" style="stroke-width:0.087;stroke:RGB(0 0 0)"/>
<g id="__defaultContactDetailsSymbol" style="stroke-width:0.087;stroke:RGB(0 0 0)"/>
<g id="__defaultContactDetailsText" style="font-family:San Serif;font-size:12;stroke:RGB(0 0 0)"/>
<g id="__defaultNauticalInformationText" style="font-family:San Serif;font-size:12;stroke:RGB(0 0 0)"/>
<g id="__defaultContactDetailsFill" style="fill-opacity:0.49803922;fill:RGB(0 0 0)"/>
<g id="__defaultApplicabilityFill" style="fill-opacity:0.49803922;fill:RGB(0 0 0)"/>
    <g id="__defaultRegulationsSymbol" style="stroke-width:0.087;stroke:RGB(0 0 0)"/>
    <g id="__defaultNauticalInformationFill" style="fill-opacity:0.49803922;fill:RGB(0 0 0)"/>
<g id="__defaultShipReportFill" style="fill-opacity:0.49803922;fill:RGB(0 0 0)"/>
<g id="__defaultRecommendationsFill" style="fill-opacity:0.49803922;fill:RGB(0 0 0)"/>
<g id="__defaultRecommendationsLine" style="stroke-width:0.087;stroke:RGB(0 0 0)"/>
<g id="__defaultShipReportText" style="font-family:San Serif;font-size:12;stroke:RGB(0 0 0)"/>
    <g id="__defaultLine" style="stroke-width:0.07;fill:none;stroke:RGB(0 0 0)"/>
    <g id="__defaultFill" style="opacity:0.5"/>
    <g id="defaultText" style="font-family:San Serif;font-size:16;stroke:RGB(0 0 0)"/>


</svg>
