<?xml version="1.0" encoding="UTF-8"?>
<?xml-model href="../schemas/S100/3.X/S100Catalog/20170731/S100_XC_1_0.sch" type="application/xml" schematypens="http://purl.oclc.org/dsdl/schematron"?>
<!-- Exchange set catalogue template -->
<!-- Prepared by Raphael Malyankar -->
<S100XC:S100_ExchangeCatalogue xmlns:gml="http://www.opengis.net/gml/3.2" xmlns:xlink="http://www.w3.org/1999/xlink" xmlns:gco="http://www.isotc211.org/2005/gco" xmlns:gmd="http://www.isotc211.org/2005/gmd" xmlns:gts="http://www.isotc211.org/2005/gts" xmlns:gsr="http://www.isotc211.org/2005/gsr" xmlns:gss="http://www.isotc211.org/2005/gss" xmlns:gmx="http://www.isotc211.org/2005/gmx" xmlns:S100XC="http://www.iho.int/s100/xc" xmlns:xsi="http://www.w3.org/2001/XMLSchema-instance" xsi:schemaLocation="http://www.iho.int/s100/xc ../schemas/S100/3.X/S100Catalog/20170731/S100_IOP_CATALOG.xsd">
    <S100XC:identifier>
        <S100XC:identifier>IC_CATLOG.XML</S100XC:identifier>
        <S100XC:editionNumber>0.1</S100XC:editionNumber>
        <S100XC:date>2017-07-31</S100XC:date>
    </S100XC:identifier>
    <S100XC:contact>
        <S100XC:organization>IHO</S100XC:organization>
    </S100XC:contact>
    <S100XC:productSpecification>
        <S100XC:name>S-IOP</S100XC:name>
        <S100XC:version>0.1</S100XC:version>
        <S100XC:date>2017-07-31</S100XC:date>
    </S100XC:productSpecification>
    <S100XC:metadataLanguage>English</S100XC:metadataLanguage>
    <S100XC:exchangeCatalogueName>IC_CATALOG.XML</S100XC:exchangeCatalogueName>
    <S100XC:exchangeCatalogueDescription>Catalogue for Interoperation catalogue files</S100XC:exchangeCatalogueDescription>
    <S100XC:exchangeCatalogueComment>This is the equivalent of an "exchange set catalogue" for interoperation catalogues</S100XC:exchangeCatalogueComment>
    <S100XC:compressionFlag>false</S100XC:compressionFlag>
    <S100XC:sourceMedia>digital</S100XC:sourceMedia>
    <S100XC:replacedData>false</S100XC:replacedData>
    
    <S100XC:datasetDiscoveryMetadata>
        <S100XC:fileName>IHOICSAMPLE01.XML</S100XC:fileName>
        <S100XC:filePath>IHOICSAMPLE01</S100XC:filePath>
        <S100XC:description>Sample interoperation catalogue</S100XC:description>
        <S100XC:dataProtection>0</S100XC:dataProtection>
        <S100XC:classification gco:isoType="gmd:MD_ClassificationCode"><gmd:MD_ClassificationCode codeList="http://standards.iso.org/ittf/PubliclyAvailableStandards/ISO_19139_Schemas/resources/codelist/gmxCodelists.xml#CI_ClassificationCode" codeListValue="unclassified"></gmd:MD_ClassificationCode></S100XC:classification>
        <S100XC:purpose>new</S100XC:purpose>
        <S100XC:specificUsage><gmd:MD_Usage>
            <gmd:specificUsage><gco:CharacterString>Interoperability Catalogue for ECDIS</gco:CharacterString></gmd:specificUsage>
            <gmd:userContactInfo gco:nilReason="unknown"/>
        </gmd:MD_Usage></S100XC:specificUsage>
        <S100XC:editionNumber>0.1</S100XC:editionNumber>
        
        <S100XC:updateApplicationDate>2017-07-31</S100XC:updateApplicationDate>
        <S100XC:issueDate>2017-07-31</S100XC:issueDate>
        <S100XC:productSpecification>
            <S100XC:name>S-IOP</S100XC:name>
            <S100XC:version>0.1</S100XC:version>
            <S100XC:date>2017-07-31</S100XC:date>
        </S100XC:productSpecification>
        <S100XC:producingAgency gco:isoType="gmd:CI_ResponsibleParty">
            <gmd:organisationName>
                <gco:CharacterString>IHO</gco:CharacterString>
            </gmd:organisationName>
            <gmd:role><gmd:CI_RoleCode codeList="http://standards.iso.org/ittf/PubliclyAvailableStandards/ISO_19139_Schemas/resources/codelist/gmxCodelists.xml#CI_RoleCode" codeListValue="owner"/></gmd:role>
        </S100XC:producingAgency>
        
        
        <S100XC:horizontalDatumReference xsi:nil="true"/>
        <S100XC:horizontalDatumValue xsi:nil="true"/>
        <S100XC:verticalDatum xsi:nil="true"/>
        <S100XC:soundingDatum xsi:nil="true"/>
        <S100XC:dataType>Other</S100XC:dataType>
        <S100XC:dataTypeVersion>20170731</S100XC:dataTypeVersion>
        <S100XC:dataCoverage>
            <S100XC:boundingBox gco:isoType="gmd:EX_GeographicBoundingBox">
                <gmd:westBoundLongitude><gco:Decimal>-180.0</gco:Decimal></gmd:westBoundLongitude>
                <gmd:eastBoundLongitude><gco:Decimal>180.0</gco:Decimal></gmd:eastBoundLongitude>
                <gmd:southBoundLatitude><gco:Decimal>-90.0</gco:Decimal></gmd:southBoundLatitude>
                <gmd:northBoundLatitude><gco:Decimal>90.0</gco:Decimal></gmd:northBoundLatitude>
            </S100XC:boundingBox>
            <S100XC:boundingPolygon>
                <gmd:polygon gco:nilReason="inapplicable"/>
            </S100XC:boundingPolygon>
        </S100XC:dataCoverage>
        <S100XC:interoperabilityCatalogueProducts>
        <S100XC:S100_ProductSpecification>
            <S100XC:name>S-101</S100XC:name>
            <S100XC:version>0.X</S100XC:version>
            <S100XC:date>2017-01-01</S100XC:date>
        </S100XC:S100_ProductSpecification>
        <S100XC:S100_ProductSpecification>
                <S100XC:name>S-111</S100XC:name>
                <S100XC:version>0.X</S100XC:version>
                <S100XC:date>2017-01-01</S100XC:date>
        </S100XC:S100_ProductSpecification>
        </S100XC:interoperabilityCatalogueProducts>
        
        <S100XC:S100_19115DatasetMetadata/>
    </S100XC:datasetDiscoveryMetadata>
    
    
</S100XC:S100_ExchangeCatalogue>
