<?xml version="1.0" encoding="UTF-8"?>
<?altova_sps ..\..\schemas\0.2\MPAdataentry.sps?>
<MPA:DataSet xmlns:MPA="http://www.iho.int/s100_mpa/0.1"
	xsi:schemaLocation="http://www.iho.int/s100_mpa/0.1 ../../schemas/0.2/mpaDS.xsd" xmlns:xsi="http://www.w3.org/2001/XMLSchema-instance"
	xmlns:gml="http://www.opengis.net/gml/3.2"
	xmlns:S100="http://www.iho.int/MPA/S100/0.1"
	
	xmlns:xlink="http://www.w3.org/1999/xlink">
<MPA:MarineProtectedArea gml:id="US02MPAARE1">
	<S100:informationAssociation gml:id="US02ia0029" xlink:href="#US02REGLTS1"/>
	<S100:informationAssociation gml:id="US02ia0030" xlink:href="#US02REGLTS2"/>
	<S100:informationAssociation gml:id="US02ia0031" xlink:href="#US02REGLTS3"/>
	<S100:informationAssociation gml:id="US02ia0032" xlink:href="#US02REGLTS4"/>
	<S100:informationAssociation gml:id="US02ia0033" xlink:href="#US02REGLTS5"/>
	<S100:informationAssociation gml:id="US02ia0034" xlink:href="#US02REGLTS6"/>
	<S100:informationAssociation gml:id="US02ia0035" xlink:href="#US02REGLTS7"/>
	<S100:informationAssociation gml:id="US02ia0036" xlink:href="#US02REGLTS8"/>
	<S100:informationAssociation gml:id="US02ia0037" xlink:href="#US02REGLTS9"/>
	<S100:informationAssociation gml:id="US02ia0038" xlink:href="#US02REGLTS10"/>
	<S100:informationAssociation gml:id="US02ia0039" xlink:href="#US02REGLTS11"/>
	<S100:informationAssociation gml:id="US02ia0040" xlink:href="#US02REGLTS12"/>
	<name>
		<text>The Northwestern Hawai‘ian Islands (Papahanaumokuakea) Marine National Monument</text>
		<language>eng</language>
		<categoryOfName>official name</categoryOfName>
	</name>
	<categoryOfIUCN>category VI</categoryOfIUCN>
		<jurisdiction>national</jurisdiction>
		<gml:Surface gml:id="US02s00001">
			<gml:patches><gml:PolygonPatch>
				<gml:exterior>
					<gml:LinearRing>
						<gml:posList>-176.4969	27.2464
							-178.4789	27.5844
							-179.1323	27.9228
							-179.2941	28.5891
							-178.7295	29.2211
							-177.9836	29.2331
							-175.3289	28.5828
							-173.5198	26.8639
							-171.5036	26.5958
							-170.4419	26.2739
							-167.5789	25.8050
							-166.0042	24.6767
							-161.7989	23.9111
							-161.1170	23.4366
							-161.0175	22.9589
							-161.2977	22.4497
							-161.6975	22.2389
							-162.1150	22.2389
							-164.9006	22.7656
							-166.5828	22.9644
							-168.4198	24.2178
							-170.7642	24.5947
							-171.8436	24.9433
							-174.3908	25.2800
							-176.4969	27.2464</gml:posList>
					</gml:LinearRing>
				</gml:exterior>
			</gml:PolygonPatch></gml:patches>
		</gml:Surface>
	</MPA:MarineProtectedArea>

	<MPA:RestrictedArea gml:id="US02RESARE1">
		<!-- mapping has RESTRN=Particularly Sensitive Sea Area (PSSA), but this is an allowed value of CATREA, not RESTRN  -->
		<categoryOfRestrictedArea>Particularly Sensitive Sea Area (PSSA)</categoryOfRestrictedArea>
		<gml:Surface gml:id="US02s0002">
			<gml:patches>
				<gml:PolygonPatch>
					<gml:exterior>
						<gml:LinearRing>
							<gml:posList>-176.4969	27.2464
								-178.4789	27.5844
								-179.1323	27.9228
								-179.2941	28.5891
								-178.7295	29.2211
								-177.9836	29.2331
								-175.3289	28.5828
								-173.5198	26.8639
								-171.5036	26.5958
								-170.4419	26.2739
								-167.5789	25.8050
								-166.0042	24.6767
								-161.7989	23.9111
								-161.1170	23.4366
								-161.0175	22.9589
								-161.2977	22.4497
								-161.6975	22.2389
								-162.1150	22.2389
								-164.9006	22.7656
								-166.5828	22.9644
								-168.4198	24.2178
								-170.7642	24.5947
								-171.8436	24.9433
								-174.3908	25.2800
								-176.4969	27.2464</gml:posList>
						</gml:LinearRing>
					</gml:exterior>
				</gml:PolygonPatch>
			</gml:patches>
		</gml:Surface>
	</MPA:RestrictedArea>
	<MPA:RestrictedArea gml:id="US02RESARE2">
		<name>
			<text>Kure Atoll</text>
			<language>eng</language>
			<categoryOfName>official name</categoryOfName>
		</name>
		<restriction>area to be avoided</restriction>
		<gml:Surface gml:id="US02s0003">
			<gml:patches>
				<gml:PolygonPatch>
					<gml:exterior>
						<gml:LinearRing>
							<gml:posList>-177.9578	27.6528
								-178.4767	27.5889
								-179.1209	27.9497
								-179.2700	28.5889
								-178.7211	29.1820
								-178.0234	29.2133
								-177.6355	28.9880
								-177.5223	28.5414
								-177.6178	28.0081
								-177.9578	27.6528</gml:posList>
						</gml:LinearRing>
					</gml:exterior>
				</gml:PolygonPatch>
			</gml:patches>
		</gml:Surface>
	</MPA:RestrictedArea>
	<MPA:RestrictedArea gml:id="US02RESARE3">
		<name>
			<text>Midway Atoll</text>
			<language>eng</language>
			<categoryOfName>official name</categoryOfName>
		</name>
		<restriction>area to be avoided</restriction>
		<gml:Surface gml:id="US02s0004">
			<gml:patches><gml:PolygonPatch>
				<gml:exterior>
					<gml:LinearRing>
						<gml:posList>-177.7250	29.0092
							-177.3017	29.0825
							-176.9078	28.9775
							-176.5916	28.7256
							-176.4248	28.3886
							-176.3592	28.0028
							-176.6811	27.6261
							-176.9855	27.4720
							-177.5341	27.4133
							-178.0292	27.6633
							-178.1664	28.1614
							-178.1069	28.6466
							-177.7250	29.0092</gml:posList>
					</gml:LinearRing>
				</gml:exterior>
			</gml:PolygonPatch></gml:patches>
		</gml:Surface>
	</MPA:RestrictedArea>
	<MPA:RestrictedArea gml:id="US02RESARE4">
		<name>
			<text>Pearl and Hermes Atoll</text>
			<language>eng</language>
			<categoryOfName>official name</categoryOfName>
		</name>
		<restriction>area to be avoided</restriction>
		<gml:Surface gml:id="US02s0005">
			<gml:patches><gml:PolygonPatch>
				<gml:exterior>
					<gml:LinearRing>
						<gml:posList>-176.5203	28.4306
							-176.0789	28.6414
							-175.5717	28.6466
							-175.1006	28.3728
							-174.9097	27.9761
							-174.9991	27.4720
							-175.4228	27.0883
							-175.8581	27.0295
							-176.5142	27.2642
							-176.7767	27.6633
							-176.7528	28.1298
							-176.5203	28.4306</gml:posList>
					</gml:LinearRing>
				</gml:exterior>
			</gml:PolygonPatch></gml:patches>
		</gml:Surface>
	</MPA:RestrictedArea>
	<MPA:RestrictedArea gml:id="US02RESARE5">
		<name>
			<text>Lisianski Island</text>
			<language>eng</language>
			<categoryOfName>official name</categoryOfName>
		</name>
		<restriction>area to be avoided</restriction>
		<gml:Surface gml:id="US02s0006">
			<gml:patches><gml:PolygonPatch>
				<gml:exterior>
					<gml:LinearRing>
						<gml:posList>-174.3847	25.3234
							-174.7902	25.6753
							-174.8798	26.2039
							-174.5636	26.7086
							-174.0209	26.8958
							-173.4483	26.8050
							-173.2036	26.3919
							-173.1739	25.8644
							-173.3709	25.4100
							-173.7286	25.1825
							-174.3847	25.3234</gml:posList>
					</gml:LinearRing>
				</gml:exterior>
			</gml:PolygonPatch></gml:patches>
		</gml:Surface>
	</MPA:RestrictedArea>
	<MPA:RestrictedArea gml:id="US02RESARE6">
		<name>
			<text>Laysan Island</text>
			<language>eng</language>
			<categoryOfName>official name</categoryOfName>
		</name>
		<restriction>area to be avoided</restriction>
		<gml:Surface gml:id="US02s0007">
			<gml:patches><gml:PolygonPatch>
				<gml:exterior>
					<gml:LinearRing>
						<gml:posList>-171.5097	26.5800
							-170.9670	26.2361
							-170.8536	25.6969
							-171.0861	25.2150
							-171.4261	24.9706
							-171.9750	24.9597
							-172.7264	25.1553
							-172.7922	25.8589
							-172.5298	26.3597
							-172.1717	26.5800
							-171.5097	26.5800</gml:posList>
					</gml:LinearRing>
				</gml:exterior>
			</gml:PolygonPatch></gml:patches>
		</gml:Surface>
	</MPA:RestrictedArea>
	<MPA:RestrictedArea gml:id="US02RESARE7">
		<name>
			<text>Maro Reef and Between Maro Reef and Raita Bank</text>
			<language>eng</language>
			<categoryOfName>official name</categoryOfName>
		</name>
		<restriction>area to be avoided</restriction>
		<gml:Surface gml:id="US02s0008">
			<gml:patches><gml:PolygonPatch>
				<gml:exterior>
					<gml:LinearRing>
						<gml:posList>-171.0028	26.1500
							-170.4897	26.2522
							-169.7203	26.1178
							-169.2131	25.7564
							-169.0820	25.2692
							-169.2908	24.8508
							-169.6008	24.6008
							-170.0422	24.4803
							-170.9250	24.6383
							-171.2472	24.8344
							-171.4619	25.6661
							-171.5156	25.6158
							-171.3844	25.9614
							-170.9966	26.1823
							-171.0028	26.1500</gml:posList>
					</gml:LinearRing>
				</gml:exterior>
			</gml:PolygonPatch></gml:patches>
		</gml:Surface>
	</MPA:RestrictedArea>
	<MPA:RestrictedArea gml:id="US02RESARE8">
		<name>
			<text>Gardner Pinnacles and French Frigate Shoals</text>
			<language>eng</language>
			<categoryOfName>official name</categoryOfName>
		</name>
		<restriction>area to be avoided</restriction>
		<gml:Surface gml:id="US02s0009">
			<gml:patches><gml:PolygonPatch>
				<gml:exterior>
					<gml:LinearRing>
						<gml:posList>-167.5908	25.7455
							-165.6164	24.3656
							-165.3480	23.9550
							-165.4256	23.4003
							-165.8133	23.0309
							-166.2902	22.9147
							-166.6661	23.0253
							-168.7181	24.4911
							-168.9209	25.0575
							-168.7600	25.4806
							-168.3781	25.7564
							-168.0142	25.8427
							-167.5908	25.7455</gml:posList>
					</gml:LinearRing>
				</gml:exterior>
			</gml:PolygonPatch></gml:patches>
		</gml:Surface>
	</MPA:RestrictedArea>
	<MPA:RestrictedArea gml:id="US02RESARE9">
		<name>
			<text>Necker Island</text>
			<language>eng</language>
			<categoryOfName>official name</categoryOfName>
		</name>
		<restriction>area to be avoided</restriction>
		<gml:Surface gml:id="US02s00010">
			<gml:patches><gml:PolygonPatch>
				<gml:exterior>
					<gml:LinearRing>
						<gml:posList>-164.5366	24.3983
							-164.0178	24.1248
							-163.8031	23.7355
							-163.8866	23.1852
							-164.2267	22.8650
							-164.8828	22.7711
							-165.3955	23.0364
							-165.6164	23.4386
							-165.4911	23.9933
							-165.1333	24.3108
							-164.5366	24.3983</gml:posList>
					</gml:LinearRing>
				</gml:exterior>
			</gml:PolygonPatch></gml:patches>
		</gml:Surface>
	</MPA:RestrictedArea>
	<MPA:RestrictedArea gml:id="US02RESARE10">
		<name>
			<text>Nihoa Island</text>
			<language>eng</language>
			<categoryOfName>official name</categoryOfName>
		</name>
		<restriction>area to be avoided</restriction>
		<gml:Surface gml:id="US02s00011">
			<gml:patches><gml:PolygonPatch>
				<gml:exterior>
					<gml:LinearRing>
						<gml:posList>-161.7809	23.8728
							-161.2561	23.6203
							-161.0472	23.2789
							-161.0653	22.7823
							-161.5006	22.3111
							-162.0673	22.2333
							-162.6042	22.4997
							-162.8189	22.9036
							-162.7414	23.3947
							-162.4133	23.7575
							-161.7809	23.8728</gml:posList>
					</gml:LinearRing>
				</gml:exterior>
			</gml:PolygonPatch></gml:patches>
		</gml:Surface>
	</MPA:RestrictedArea>
	<MPA:RestrictedArea gml:id="US02RESARE11">
		<name>
			<text>Area 1</text>
			<language>eng</language>
			<categoryOfName>official name</categoryOfName>
		</name>
		<restriction>area to be avoided</restriction>
		<gml:Surface gml:id="US02s00012">
			<gml:patches><gml:PolygonPatch>
				<gml:exterior>
					<gml:LinearRing>
						<gml:posList>-173.8345	26.8894
							-171.6000	26.5994
							-171.9519	24.9675
							-174.1100	25.2450	-173.8345	26.8894</gml:posList>
					</gml:LinearRing>
				</gml:exterior>
			</gml:PolygonPatch></gml:patches>
		</gml:Surface>
	</MPA:RestrictedArea>
	<MPA:RestrictedArea gml:id="US02RESARE12">
		<name>
			<text>Area 2</text>
			<language>eng</language>
			<categoryOfName>official name</categoryOfName>
		</name>
		<restriction>area to be avoided</restriction>
		<gml:Surface gml:id="US02s0013">
			<gml:patches><gml:PolygonPatch>
				<gml:exterior>
					<gml:LinearRing>
						<gml:posList>-167.4253	25.6583
							-165.6914	24.4222
							-166.8058	23.1066
							-168.3703	24.2408	-167.4253	25.6583</gml:posList>
					</gml:LinearRing>
				</gml:exterior>
			</gml:PolygonPatch></gml:patches>
		</gml:Surface>
	</MPA:RestrictedArea>
	<MPA:MarineService gml:id="US02MRNSRV1">
		<S100:informationAssociation gml:id="US02ia0041" xlink:href="#US02SHPREP1"/>
		<S100:informationAssociation gml:id="US02ia0042" xlink:href="#US02SHPREP2"/>
		<S100:informationAssociation gml:id="US02ia0043" xlink:href="#US02SHPREP3"/>
		<S100:informationAssociation gml:id="US02ia0044" xlink:href="#US02RCMDTS1"/>
		<S100:informationAssociation gml:id="US02ia0045" xlink:href="#US02REGLTS13"/>
		<S100:informationAssociation gml:id="US02ia0046" xlink:href="#US02REGLTS14"/>
		<name>
			<text>CORAL SHIPREP</text>
			<language>eng</language>
			<categoryOfName>official name</categoryOfName>
		</name>
		<categoryOfMarineService>ship reporting system</categoryOfMarineService>
		<gml:Surface gml:id="US02s0014">
			<gml:patches><gml:PolygonPatch>
				<gml:exterior>
					<gml:LinearRing>
						<gml:posList>-178.1076	29.4034
							-177.0709	29.2027
							-175.2294	28.7296
							-173.4229	27.0046
							-171.4704	26.7475
							-170.3374	26.3992
							-167.5337	25.9414
							-165.9760	24.8371
							-161.7051	24.0435
							-160.9519	23.6422
							-160.8861	22.7656
							-161.4350	22.0944
							-162.1356	22.0766
							-164.8910	22.5887
							-166.6741	22.7977
							-168.4588	24.0551
							-170.8395	24.4431
							-171.8812	24.7749
							-174.5038	25.1205
							-176.5900	27.0917
							-177.5876	27.2519
							-178.5371	27.4349
							-179.8756	27.8756
							-179.3656	28.8517
							-178.8464	29.3964
							-178.1076	29.4034</gml:posList>
					</gml:LinearRing>
				</gml:exterior>
			</gml:PolygonPatch></gml:patches>
		</gml:Surface>
	</MPA:MarineService>

	<MPA:Regulations gml:id="US02REGLTS1">
		<S100:inv_informationAssociation gml:id="US02iaINV0001" xlink:href="#US02MPAARE1"/>
		<sourceDate>2012-08-21</sourceDate>
		<sourceIndication>NOAA Coast Pilot</sourceIndication>
		<textContent>
			<categoryOfText>Full text</categoryOfText>
			<language>eng</language>
			<headline>Scope and Purpose of Regulations 2 to 12</headline>
			<fileName>UST50P404.HTM</fileName>
			<fileLocator>#50:11.0.3.11.4.0.21.1</fileLocator>
		</textContent>
	</MPA:Regulations>
	<MPA:Regulations gml:id="US02REGLTS2">
		<S100:inv_informationAssociation gml:id="US02iaINV0002" xlink:href="#US02MPAARE1"/>
		<sourceDate>2012-08-21</sourceDate>
		<sourceIndication>NOAA Coast Pilot</sourceIndication>
		<textContent>
			<categoryOfText>Full text</categoryOfText>
			<language>eng</language>
			<headline>Boundary of the Area</headline>
			<fileName>UST50P404.HTM</fileName>
			<fileLocator>#50:11.0.3.11.4.0.21.2</fileLocator>
		</textContent>
	</MPA:Regulations>
	<MPA:Regulations gml:id="US02REGLTS3">
		<S100:inv_informationAssociation gml:id="US02iaINV0003" xlink:href="#US02MPAARE1"/>
		<sourceDate>2012-08-21</sourceDate>
		<sourceIndication>NOAA Coast Pilot</sourceIndication>
		<textContent>
			<categoryOfText>Full text</categoryOfText>
			<language>eng</language>
			<headline>Definitions</headline>
			<fileName>UST50P404.HTM</fileName>
			<fileLocator>#50:11.0.3.11.4.0.21.3</fileLocator>
		</textContent>
	</MPA:Regulations>
	<MPA:Regulations gml:id="US02REGLTS4">
		<S100:inv_informationAssociation gml:id="US02iaINV0004" xlink:href="#US02MPAARE1"/>
		<sourceDate>2012-08-21</sourceDate>
		<sourceIndication>NOAA Coast Pilot</sourceIndication>
		<textContent>
			<categoryOfText>Full text</categoryOfText>
			<language>eng</language>
			<headline>Access to the Monument</headline>
			<fileName>UST50P404.HTM</fileName>
			<fileLocator>#50:11.0.3.11.4.0.21.4</fileLocator>
		</textContent>
	</MPA:Regulations>
	<MPA:Regulations gml:id="US02REGLTS5">
		<S100:inv_informationAssociation gml:id="US02iaINV0005" xlink:href="#US02MPAARE1"/>
		<sourceDate>2012-08-21</sourceDate>
		<sourceIndication>NOAA Coast Pilot</sourceIndication>
		<textContent>
			<categoryOfText>Full text</categoryOfText>
			<language>eng</language>
			<headline>Requirements for a vessel monitoring system</headline>
			<fileName>UST50P404.HTM</fileName>
			<fileLocator>#50:11.0.3.11.4.0.21.5</fileLocator>
		</textContent>
	</MPA:Regulations>
	<MPA:Regulations gml:id="US02REGLTS6">
		<S100:inv_informationAssociation gml:id="US02iaINV0006" xlink:href="#US02MPAARE1"/>
		<sourceDate>2012-08-21</sourceDate>
		<sourceIndication>NOAA Coast Pilot</sourceIndication>
		<textContent>
			<categoryOfText>Full text</categoryOfText>
			<language>eng</language>
			<headline>Prohibited activities</headline>
			<fileName>UST50P404.HTM</fileName>
			<fileLocator>#50:11.0.3.11.4.0.21.6</fileLocator>
		</textContent>
	</MPA:Regulations>
	<MPA:Regulations gml:id="US02REGLTS7">
		<S100:inv_informationAssociation gml:id="US02iaINV0007" xlink:href="#US02MPAARE1"/>
		<sourceDate>2012-08-21</sourceDate>
		<sourceIndication>NOAA Coast Pilot</sourceIndication>
		<textContent>
			<categoryOfText>Full text</categoryOfText>
			<language>eng</language>
			<headline>Regulated activities</headline>
			<fileName>UST50P404.HTM</fileName>
			<fileLocator>#50:11.0.3.11.4.0.21.7</fileLocator>
		</textContent>
	</MPA:Regulations>
	<MPA:Regulations gml:id="US02REGLTS8">
		<S100:inv_informationAssociation gml:id="US02iaINV0008" xlink:href="#US02MPAARE1"/>
		<sourceDate>2012-08-21</sourceDate>
		<sourceIndication>NOAA Coast Pilot</sourceIndication>
		<textContent>
			<categoryOfText>Full text</categoryOfText>
			<language>eng</language>
			<headline>Emergencies and law enforcement activities</headline>
			<fileName>UST50P404.HTM</fileName>
			<fileLocator>#50:11.0.3.11.4.0.21.8</fileLocator>
		</textContent>
	</MPA:Regulations>
	<MPA:Regulations gml:id="US02REGLTS9">
		<S100:inv_informationAssociation gml:id="US02iaINV0009" xlink:href="#US02MPAARE1"/>
		<sourceDate>2012-08-21</sourceDate>
		<sourceIndication>NOAA Coast Pilot</sourceIndication>
		<textContent>
			<categoryOfText>Full text</categoryOfText>
			<language>eng</language>
			<headline>Armed Forces actions</headline>
			<fileName>UST50P404.HTM</fileName>
			<fileLocator>#50:11.0.3.11.4.0.21.9</fileLocator>
		</textContent>
	</MPA:Regulations>
	<MPA:Regulations gml:id="US02REGLTS10">
		<S100:inv_informationAssociation gml:id="US02iaINV0010" xlink:href="#US02MPAARE1"/>
		<sourceDate>2012-08-21</sourceDate>
		<sourceIndication>NOAA Coast Pilot</sourceIndication>
		<textContent>
			<categoryOfText>Full text</categoryOfText>
			<language>eng</language>
			<headline>Commercial fishing</headline>
			<fileName>UST50P404.HTM</fileName>
			<fileLocator>#50:11.0.3.11.4.0.21.10</fileLocator>
		</textContent>
	</MPA:Regulations>
	<MPA:Regulations gml:id="US02REGLTS11">
		<S100:inv_informationAssociation gml:id="US02iaINV0011" xlink:href="#US02MPAARE1"/>
		<sourceDate>2012-08-21</sourceDate>
		<sourceIndication>NOAA Coast Pilot</sourceIndication>
		<textContent>
			<categoryOfText>Full text</categoryOfText>
			<language>eng</language>
			<headline>Permitting procedures and criteria</headline>
			<fileName>UST50P404.HTM</fileName>
			<fileLocator>#50:11.0.3.11.4.0.21.11</fileLocator>
		</textContent>
	</MPA:Regulations>
	<MPA:Regulations gml:id="US02REGLTS12">
		<S100:inv_informationAssociation gml:id="US02iaINV0012" xlink:href="#US02MPAARE1"/>
		<sourceDate>2012-08-21</sourceDate>
		<sourceIndication>NOAA Coast Pilot</sourceIndication>
		<textContent>
			<categoryOfText>Full text</categoryOfText>
			<language>eng</language>
			<headline>International law</headline>
			<fileName>UST50P404.HTM</fileName>
			<fileLocator>#50:11.0.3.11.4.0.21.12</fileLocator>
		</textContent>
	</MPA:Regulations>
	<MPA:Regulations gml:id="US02REGLTS13">
		<S100:inv_informationAssociation gml:id="US02iaINV0019" xlink:href="#US02MRNSRV1"/>
		<textContent>
			<categoryOfText>Abstract or summary</categoryOfText>
			<language>eng</language>
			<headline>Reporting when passing an Area to be Avoided</headline>
			<text>The reporting area does not include the Areas to be Avoided within the Monument. A vessel that passes through an Area to be Avoided shall notify the shore-based authority when:  (1) entering the reporting area; (2) leaving the reporting area to enter an Area to be Avoided; (3) exiting the Area to be Avoided to enter the reporting area on the other side of the Area; (4) leaving the reporting area.   The potential burden of reporting four times is justified by the navigation hazards that exist within the Areas to be Avoided.</text>
		</textContent>
	</MPA:Regulations>
	<MPA:Regulations gml:id="US02REGLTS14">
		<S100:inv_informationAssociation gml:id="US02iaINV0020" xlink:href="#US02MRNSRV1"/>
		<textContent>
			<categoryOfText>Abstract or summary</categoryOfText>
			<language>eng</language>
			<headline>Reporting when using the transit corridors</headline>
			<text>Vessels using these corridors are asked to report only twice, once when entering the reporting area and once when leaving. </text>
		</textContent>
	</MPA:Regulations>
    <MPA:Recommendations gml:id="US02RCMDTS1">
    	<S100:inv_informationAssociation gml:id="US02iaINV0018" xlink:href="#US02MRNSRV1"/>
		<textContent>
			<categoryOfText>Abstract or summary</categoryOfText>
			<language>eng</language>
			<headline>Participation at CORAL SHIPREP</headline>
			<text>Vessels other than those specified, including sovereign immune vessels, are encouraged to participate.</text>
		</textContent>
    </MPA:Recommendations>
	<MPA:ShipReport gml:id="US02SHPREP1">
		<MPA:InclusionType gml:id="US02ia0047" xlink:href="#US02APPLIC1">
			<membership>included</membership>
		</MPA:InclusionType>
		<S100:inv_informationAssociation gml:id="US02iaINV0013" xlink:href="#US02MRNSRV1"/>
		<!--<S100:informationAssociation gml:id="US02ia0047" xlink:href="#US02APPLIC1"/>-->
		
		<categoryOfShipReport>sailing plan</categoryOfShipReport>
		<imoFormatForReporting>true</imoFormatForReporting>
		<textContent>
			<categoryOfText>Full text</categoryOfText>
			<language>eng</language>
			<headline>Reporting Requirement</headline>
			<fileName>UST50P404.HTM</fileName>
			<fileLocator>#50:11.0.3.11.4.0.21.13.15</fileLocator>
		</textContent>
	</MPA:ShipReport>
	<MPA:ShipReport gml:id="US02SHPREP2">
		<MPA:InclusionType gml:id="US02ia0048" xlink:href="#US02APPLIC1">
			<membership>included</membership>
		</MPA:InclusionType>
		<!--<S100:informationAssociation gml:id="US02ia0048" xlink:href="#US02APPLIC1"/>-->
		<S100:inv_informationAssociation gml:id="US02iaINV0014" xlink:href="#US02MRNSRV1"/>	
		<categoryOfShipReport>final report</categoryOfShipReport>
		<imoFormatForReporting>true</imoFormatForReporting>
		<textContent>
			<categoryOfText>Full text</categoryOfText>
			<language>eng</language>
			<headline>Reporting Requirement</headline>
			<fileName>UST50P404.HTM</fileName>
			<fileLocator>#50:11.0.3.11.4.0.21.13.15</fileLocator>
		</textContent>
	</MPA:ShipReport>
	<MPA:ShipReport gml:id="US02SHPREP3">
		<S100:inv_informationAssociation gml:id="US02iaINV0017" xlink:href="#US02MRNSRV1"/>
		<categoryOfShipReport>any other report</categoryOfShipReport>
		<imoFormatForReporting>true</imoFormatForReporting>
		<textContent>
			<categoryOfText>Full text</categoryOfText>
			<language>eng</language>
			<headline>Emergency report</headline>
			<fileName>UST50P404.HTM</fileName>
			<fileLocator>#50:11.0.3.11.4.0.21.13.15</fileLocator>
		</textContent>
	</MPA:ShipReport>

	<MPA:Applicability gml:id="US02APPLIC1">
		<S100:inv_informationAssociation gml:id="US02iaINV0015" xlink:href="#US02SHPREP1"/>
		<S100:inv_informationAssociation gml:id="US02iaINV0016" xlink:href="#US02SHPREP2"/>
		<vesselsMeasurements>
			<vesselsCharacteristics>gross tonnage</vesselsCharacteristics>
			<vesselsCharacteristicsValue>300</vesselsCharacteristicsValue>
			<vesselsCharacteristicsUnit>gross ton</vesselsCharacteristicsUnit>
			<comparisonOperator>greater than or equal to</comparisonOperator>
		</vesselsMeasurements>
	</MPA:Applicability>

	<!-- Data quality -->
	<MPA:QualityOfNPInformation gml:id="US02QUANPI01">
			<gml:Surface gml:id="SURFACE002">
				<gml:patches>
					<gml:PolygonPatch><gml:exterior><gml:LinearRing>
						<gml:pos>-180.0 26.0</gml:pos>
						<gml:pos>-176.0 26.0</gml:pos>
						<gml:pos>-176.0 24.0</gml:pos>
						<gml:pos>-172.0 24.0</gml:pos>
						<gml:pos>-172.0 23.0</gml:pos>
						<gml:pos>-168.0 23.0</gml:pos>
						<gml:pos>-168.0 22.0</gml:pos>
						<gml:pos>-164.0 22.0</gml:pos>
						<gml:pos>-164.0 21.0</gml:pos>
						<gml:pos>-160.0 21.0</gml:pos>
						<gml:pos>-160.0 25.0</gml:pos>
						<gml:pos>-164.0 25.0</gml:pos>
						<gml:pos>-164.0 27.0</gml:pos>
						<gml:pos>-168.0 27.0</gml:pos>
						<gml:pos>-168.0 28.0</gml:pos>
						<gml:pos>-172.0 28.0</gml:pos>
						<gml:pos>-172.0 30.0</gml:pos>
						<gml:pos>-180.0 30.0</gml:pos>
						<gml:pos>-180.0 26.0</gml:pos>
					</gml:LinearRing></gml:exterior></gml:PolygonPatch>
				</gml:patches>
			</gml:Surface>
		<positionalUncertainty>
			<uncertaintyFixed>0.5</uncertaintyFixed>
			<uncertaintyVariable>1.0</uncertaintyVariable>
		</positionalUncertainty>
		<hierarchyLevel>dataset</hierarchyLevel>
		<sourceIndication>
			<sourceDate>2012-10-18</sourceDate>
			<country>United States of America</country>
			<source>NOAA</source>
			<idCode>unknown</idCode>
			<sourceType>non-ENC</sourceType>
			<categoryOfAuthority>environmental</categoryOfAuthority>
		</sourceIndication>
	</MPA:QualityOfNPInformation>
</MPA:DataSet>
