<?xml version="1.0" encoding="UTF-8"?>
<?altova_sps ..\..\schemas\0.2\MPAdataentry.sps?>
<MPA:DataSet xmlns:MPA="http://www.iho.int/s100_mpa/0.1"
	xsi:schemaLocation="http://www.iho.int/s100_mpa/0.1 ../../schemas/0.2/mpaDS.xsd" xmlns:xsi="http://www.w3.org/2001/XMLSchema-instance"
	xmlns:gml="http://www.opengis.net/gml/3.2"
	xmlns:S100="http://www.iho.int/MPA/S100/0.1"
	
	xmlns:xlink="http://www.w3.org/1999/xlink">
	
	<MPA:MarineProtectedArea gml:id="JSMPAARE1">
		<S100:informationAssociation gml:id="JSia0029" xlink:href="#JSREGLTS1"/>
		<S100:informationAssociation gml:id="JSia0030" xlink:href="#JSREGLTS2"/>
		<S100:informationAssociation gml:id="JSia0031" xlink:href="#JSREGLTS3"/>
		<S100:informationAssociation gml:id="JSia0032" xlink:href="#JSREGLTS4"/>
		<name>
			<text>Micklefirth Marine Sanctuary</text>
			<language>eng</language>
			<categoryOfName>official name</categoryOfName>
		</name>
		<categoryOfIUCN>category IV</categoryOfIUCN>
		<jurisdiction>national</jurisdiction>
		<restriction>area to be avoided</restriction>
		<restriction>anchoring prohibited</restriction>
		<restriction>entry restricted</restriction>
		<restriction>discharging restricted</restriction>
		<gml:Surface gml:id="JSs00001">
			<gml:patches><gml:PolygonPatch>
				<gml:exterior>
					<gml:LinearRing>
						
						<gml:posList>61.056	-32.429
							61.056	-32.399
							61.000	-32.399
							61.000	-32.429
						</gml:posList>
					</gml:LinearRing>
				</gml:exterior>
			</gml:PolygonPatch></gml:patches>
		</gml:Surface>
	</MPA:MarineProtectedArea>
	
	<MPA:RestrictedArea gml:id="JSRESARE1">
		<restriction>area to be avoided</restriction>
		<gml:Surface gml:id="JSs00002">
			<gml:patches>
				<gml:PolygonPatch>
					<gml:exterior>
						<gml:LinearRing>
							<gml:posList>61.0333	-32.4050
								61.0264	-32.4074
								61.0235	-32.4133
								61.0264	-32.4193
								61.0333	-32.4217
								61.0403	-32.4193
								61.0431	-32.4133
								61.0403	-32.4074
								61.0333	-32.4050
							</gml:posList>
						</gml:LinearRing>
					</gml:exterior>
				</gml:PolygonPatch>
			</gml:patches>
		</gml:Surface>
	</MPA:RestrictedArea>
	
	<MPA:Authority gml:id="JSAUTORI1">
		<S100:informationAssociation gml:id="JSia0040" xlink:href="#JSCONDET1"/>
		<S100:informationAssociation gml:id="JSia0041A" xlink:href="#JSSHPREP1"/>
		<S100:inv_informationAssociation gml:id="JSiaINV0006" xlink:href="#JSMPAARE1"/>
		<name>
			<text>Jussland Government</text>
			<language>eng</language>
			<categoryOfName>official name</categoryOfName>
		</name>
		<categoryOfAuthority>environmental</categoryOfAuthority>
	</MPA:Authority>
	
	<MPA:ContactDetails gml:id="JSCONDET1">
		<S100:inv_informationAssociation gml:id="JSiaINV0007" xlink:href="#JSAUTORI1"/>
		<emailAddress>mms.notifications@jussland.gov.js</emailAddress>
		<faxNumber>+999 008675308</faxNumber>
		<telephoneNumber>+999 008675309</telephoneNumber>
	</MPA:ContactDetails>
	
	<MPA:Regulations gml:id="JSREGLTS1">
		<MPA:InclusionType gml:id="JSia0034" xlink:href="#JSAPPLIC1">
			<membership>included</membership>
		</MPA:InclusionType>
		<S100:inv_informationAssociation gml:id="JSiaINV0001" xlink:href="#JSMPAARE1"/>
		<categoryOfAuthority>environmental</categoryOfAuthority>
		<textContent>
			<categoryOfText>Abstract or summary</categoryOfText>
			<language>eng</language>
			<headline>Use of mooring buoys in the northern portion of the Sanctuary.</headline>
			<text>Request permission from the Sanctuary to use mooring buoys in the northern portion of the Sanctuary.</text>
		</textContent>
	</MPA:Regulations>
	
	<MPA:Regulations gml:id="JSREGLTS2">
		<S100:inv_informationAssociation gml:id="JSiaINV0003" xlink:href="#JSMPAARE1"/>
		<categoryOfAuthority>environmental</categoryOfAuthority>
		<textContent>
			<categoryOfText>Abstract or summary</categoryOfText>
			<language>eng</language>
			<headline>stop in the southern portion of the Sanctuary</headline>
			<text>prohibited for all vessels</text>
		</textContent>
	</MPA:Regulations>
	
	<MPA:Regulations gml:id="JSREGLTS3">
		<S100:inv_informationAssociation gml:id="JSiaINV0004" xlink:href="#JSMPAARE1"/>
		<categoryOfAuthority>environmental</categoryOfAuthority>
		<textContent>
			<categoryOfText>Full text</categoryOfText>
			<language>eng</language>
			<headline>stop in the northern portion of the Sanctuary</headline>
			<text>Vessels must receive permission in advance in order to stop in the northern portion of the Sanctuary. </text>
		</textContent>
	</MPA:Regulations>
	
	<MPA:Regulations gml:id="JSREGLTS4">
		<S100:inv_informationAssociation gml:id="JSiaINV0005" xlink:href="#JSMPAARE1"/>
		<categoryOfAuthority>environmental</categoryOfAuthority>
		<textContent>
			<categoryOfText>Full text</categoryOfText>
			<language>eng</language>
			<headline>Additional restrictions on vessel activities</headline>
			<internetAddress>http://ecfr.gpoaccess.gov/cgi/t/text/text-idx?c=ecfr;rgn=div5;view=text;node=15%3A3.1.2.2.11;idno=15;sid=ee8404c23e3173cbd91f58297bd5ff47;cc=ecfr</internetAddress>
			<fileLocator>#15:3.1.2.2.11.2</fileLocator>
		</textContent>
	</MPA:Regulations>
	
	<MPA:ShipReport gml:id="JSSHPREP1">
		<MPA:InclusionType gml:id="JSia0044A" xlink:href="#JSAPPLIC2">
			<membership>included</membership>
		</MPA:InclusionType>
		<MPA:InclusionType gml:id="JSia0045A" xlink:href="#JSAPPLIC3">
			<membership>included</membership>
		</MPA:InclusionType>
		<S100:inv_informationAssociation gml:id="JSiaINV0008A" xlink:href="#JSAUTORI1"/>
		<categoryOfShipReport>sailing plan</categoryOfShipReport>
		<categoryOfShipReport>deviation report</categoryOfShipReport>
		<categoryOfShipReport>final report</categoryOfShipReport>
		<categoryOfShipReport>any other report</categoryOfShipReport>
		<imoFormatForReporting>true</imoFormatForReporting>
	</MPA:ShipReport>
	
	<MPA:Applicability gml:id="JSAPPLIC1">
		<S100:inv_informationAssociation gml:id="JSiaINV0002" xlink:href="#JSREGLTS1"/>
		<vesselsMeasurements>
			<vesselsCharacteristics>length overall</vesselsCharacteristics>
			<vesselsCharacteristicsValue>100</vesselsCharacteristicsValue>
			<vesselsCharacteristicsUnit>foot</vesselsCharacteristicsUnit>
			<comparisonOperator>less than or equal to</comparisonOperator>
		</vesselsMeasurements>
	</MPA:Applicability>
	
	<MPA:Applicability gml:id="JSAPPLIC2">
		<S100:inv_informationAssociation gml:id="JSiaINV0009" xlink:href="#JSSHPREP1"/>
		<vesselsMeasurements>
			<vesselsCharacteristics>gross tonnage</vesselsCharacteristics>
			<vesselsCharacteristicsValue>300</vesselsCharacteristicsValue>
			<vesselsCharacteristicsUnit>gross ton</vesselsCharacteristicsUnit>
			<comparisonOperator>greater than or equal to</comparisonOperator>
		</vesselsMeasurements>
	</MPA:Applicability>
	
	<MPA:Applicability gml:id="JSAPPLIC3">
		<S100:inv_informationAssociation gml:id="JSiaINV0010" xlink:href="#JSSHPREP1"/>
		<information>
			<text>All vessels experiencing an emergency in the Reporting Area.</text>
			<language>eng</language>
		</information>
	</MPA:Applicability>
	
	<!-- Data quality -->
	<!--<MPA:QualityOfNPInformation gml:id="JSQUANPI01">
		<gml:Surface gml:id="JS_DQ_SURFACE001">
			<gml:patches>
				<gml:PolygonPatch><gml:exterior><gml:LinearRing>
					<gml:pos>60.7749955 -32.6250103</gml:pos>
					<gml:pos>61.0663068 -32.6250103</gml:pos>
					<gml:pos>61.0663068 -32.3294577</gml:pos>
					<gml:pos>60.7749955 -32.3294577</gml:pos>
					<gml:pos>60.7749955 -32.6250103</gml:pos>
				</gml:LinearRing></gml:exterior></gml:PolygonPatch>
			</gml:patches>
		</gml:Surface>
		<positionalUncertainty>
			<uncertaintyFixed>0.5</uncertaintyFixed>
			<uncertaintyVariable>1.0</uncertaintyVariable>
		</positionalUncertainty>
		<hierarchyLevel>dataset</hierarchyLevel>
		<sourceIndication>
			<sourceDate>2012-09-21</sourceDate>
			<country>Jussland</country>
			<source>Jussland Hydrographic Agency</source>
			<idCode>unknown</idCode>
			<sourceType>non-ENC</sourceType>
			<categoryOfAuthority>environmental</categoryOfAuthority>
		</sourceIndication>
	</MPA:QualityOfNPInformation>-->
	
</MPA:DataSet>
