
<!DOCTYPE html>
<html class="client-nojs" lang="en" dir="ltr">
<head>
<meta charset="UTF-8"/>
<title>Pages that link to "File:Italy.XML" - IHO Nautical Information Processing Working Group</title>
<script>document.documentElement.className="client-js";RLCONF={"wgBreakFrames":!0,"wgSeparatorTransformTable":["",""],"wgDigitTransformTable":["",""],"wgDefaultDateFormat":"dmy","wgMonthNames":["","January","February","March","April","May","June","July","August","September","October","November","December"],"wgRequestId":"0167ebe2e42e393dcd0a58d7","wgCSPNonce":!1,"wgCanonicalNamespace":"Special","wgCanonicalSpecialPageName":"Whatlinkshere","wgNamespaceNumber":-1,"wgPageName":"Special:WhatLinksHere/File:Italy.XML","wgTitle":"WhatLinksHere/File:Italy.XML","wgCurRevisionId":0,"wgRevisionId":0,"wgArticleId":0,"wgIsArticle":!1,"wgIsRedirect":!1,"wgAction":"view","wgUserName":null,"wgUserGroups":["*"],"wgCategories":[],"wgPageContentLanguage":"en","wgPageContentModel":"wikitext","wgRelevantPageName":"File:Italy.XML","wgRelevantArticleId":1158,"wgIsProbablyEditable":!1,"wgRelevantPageIsProbablyEditable":!1};RLSTATE={"site.styles":"ready","noscript":"ready","user.styles":"ready","user"
:"ready","user.options":"loading","mediawiki.helplink":"ready","skins.vector.styles.legacy":"ready"};RLPAGEMODULES=["site","mediawiki.page.startup","mediawiki.page.ready","skins.vector.legacy.js"];</script>
<script>(RLQ=window.RLQ||[]).push(function(){mw.loader.implement("user.options@1hzgi",function($,jQuery,require,module){/*@nomin*/mw.user.tokens.set({"patrolToken":"+\\","watchToken":"+\\","csrfToken":"+\\"});
});});</script>
<link rel="stylesheet" href="/npubwiki/wiki/load.php?lang=en&amp;modules=mediawiki.helplink%7Cskins.vector.styles.legacy&amp;only=styles&amp;skin=vector"/>
<script async="" src="/npubwiki/wiki/load.php?lang=en&amp;modules=startup&amp;only=scripts&amp;raw=1&amp;skin=vector"></script>
<meta name="generator" content="MediaWiki 1.35.10"/>
<meta name="robots" content="noindex,nofollow"/>
<link rel="shortcut icon" href="http://wp12183585.server-he.de/npubwiki/wiki/NIPWGWikiIcon32.jpg"/>
<link rel="search" type="application/opensearchdescription+xml" href="/npubwiki/wiki/opensearch_desc.php" title="IHO Nautical Information Processing Working Group (en)"/>
<link rel="EditURI" type="application/rsd+xml" href="//wp12183585.server-he.de/npubwiki/wiki/api.php?action=rsd"/>
<link rel="alternate" type="application/atom+xml" title="IHO Nautical Information Processing Working Group Atom feed" href="/npubwiki/wiki/index.php?title=Special:RecentChanges&amp;feed=atom"/>
<!--[if lt IE 9]><script src="/npubwiki/wiki/resources/lib/html5shiv/html5shiv.js"></script><![endif]-->
</head>
<body class="mediawiki ltr sitedir-ltr mw-hide-empty-elt ns--1 ns-special mw-special-Whatlinkshere page-Special_WhatLinksHere_File_Italy_XML rootpage-Special_WhatLinksHere_File_Italy_XML skin-vector action-view skin-vector-legacy">
<div id="mw-page-base" class="noprint"></div>
<div id="mw-head-base" class="noprint"></div>
<div id="content" class="mw-body" role="main">
	<a id="top"></a>
	<div id="siteNotice" class="mw-body-content"></div>
	<div class="mw-indicators mw-body-content">
	<div id="mw-indicator-mw-helplink" class="mw-indicator"><a href="https://www.mediawiki.org/wiki/Special:MyLanguage/Help:What_links_here" target="_blank" class="mw-helplink">Help</a></div>
	</div>
	<h1 id="firstHeading" class="firstHeading" lang="en">Pages that link to "File:Italy.XML"</h1>
	<div id="bodyContent" class="mw-body-content">
		
		<div id="contentSub">← <a href="/npubwiki/wiki/index.php/File:Italy.XML" title="File:Italy.XML">File:Italy.XML</a></div>
		<div id="contentSub2"></div>
		
		<div id="jump-to-nav"></div>
		<a class="mw-jump-link" href="#mw-head">Jump to navigation</a>
		<a class="mw-jump-link" href="#searchInput">Jump to search</a>
		<div id="mw-content-text"><form action="/npubwiki/wiki/index.php"><input type="hidden" value="Special:WhatLinksHere" name="title"/><fieldset>
<legend>What links here</legend>
<label for="mw-whatlinkshere-target" class="mw-searchInput">Page:</label> <input name="target" size="40" value="File:Italy.XML" id="mw-whatlinkshere-target" class="mw-searchInput" /> <label for="namespace">Namespace:</label> <select class="namespaceselector" id="namespace" name="namespace">
<option value="" selected="">all</option>
<option value="0">(Main)</option>
<option value="1">Talk</option>
<option value="2">User</option>
<option value="3">User talk</option>
<option value="4">IHO Nautical Information Processing Working Group</option>
<option value="5">IHO Nautical Information Processing Working Group talk</option>
<option value="6">File</option>
<option value="7">File talk</option>
<option value="8">MediaWiki</option>
<option value="9">MediaWiki talk</option>
<option value="10">Template</option>
<option value="11">Template talk</option>
<option value="12">Help</option>
<option value="13">Help talk</option>
<option value="14">Category</option>
<option value="15">Category talk</option>
<option value="2300">Gadget</option>
<option value="2301">Gadget talk</option>
<option value="2302">Gadget definition</option>
<option value="2303">Gadget definition talk</option>
</select> <input name="invert" type="checkbox" value="1" id="nsinvert" title="Check this box to hide links from pages within the selected namespace." /> <label for="nsinvert" title="Check this box to hide links from pages within the selected namespace.">Invert selection</label> <input type="submit" value="Go"/></fieldset></form>
<fieldset>
<legend>Filters</legend>
<a href="/npubwiki/wiki/index.php?title=Special:WhatLinksHere/File:Italy.XML&amp;hidetrans=1" title="Special:WhatLinksHere/File:Italy.XML">Hide</a> transclusions | <a href="/npubwiki/wiki/index.php?title=Special:WhatLinksHere/File:Italy.XML&amp;hidelinks=1" title="Special:WhatLinksHere/File:Italy.XML">Hide</a> links | <a href="/npubwiki/wiki/index.php?title=Special:WhatLinksHere/File:Italy.XML&amp;hideredirs=1" title="Special:WhatLinksHere/File:Italy.XML">Hide</a> redirects | <a href="/npubwiki/wiki/index.php?title=Special:WhatLinksHere/File:Italy.XML&amp;hideimages=1" title="Special:WhatLinksHere/File:Italy.XML">Hide</a> file links
</fieldset>
<p>The following pages link to <strong><a href="/npubwiki/wiki/index.php/File:Italy.XML" title="File:Italy.XML">File:Italy.XML</a></strong>:
</p><p>Displayed 1 item.
</p>View (previous 50  |  next 50) (<a href="/npubwiki/wiki/index.php?title=Special:WhatLinksHere/File:Italy.XML&amp;limit=20" title="Special:WhatLinksHere/File:Italy.XML">20</a> | <a href="/npubwiki/wiki/index.php?title=Special:WhatLinksHere/File:Italy.XML&amp;limit=50" title="Special:WhatLinksHere/File:Italy.XML">50</a> | <a href="/npubwiki/wiki/index.php?title=Special:WhatLinksHere/File:Italy.XML&amp;limit=100" title="Special:WhatLinksHere/File:Italy.XML">100</a> | <a href="/npubwiki/wiki/index.php?title=Special:WhatLinksHere/File:Italy.XML&amp;limit=250" title="Special:WhatLinksHere/File:Italy.XML">250</a> | <a href="/npubwiki/wiki/index.php?title=Special:WhatLinksHere/File:Italy.XML&amp;limit=500" title="Special:WhatLinksHere/File:Italy.XML">500</a>)<ul id="mw-whatlinkshere-list"><li><a href="/npubwiki/wiki/index.php/NtM_Chart-correction_XML" title="NtM Chart-correction XML">NtM Chart-correction XML</a> (file link) ‎ <span class="mw-whatlinkshere-tools">(<a href="/npubwiki/wiki/index.php?title=Special:WhatLinksHere&amp;target=NtM+Chart-correction+XML" title="Special:WhatLinksHere">← links</a>)</span></li>
</ul>View (previous 50  |  next 50) (<a href="/npubwiki/wiki/index.php?title=Special:WhatLinksHere/File:Italy.XML&amp;limit=20" title="Special:WhatLinksHere/File:Italy.XML">20</a> | <a href="/npubwiki/wiki/index.php?title=Special:WhatLinksHere/File:Italy.XML&amp;limit=50" title="Special:WhatLinksHere/File:Italy.XML">50</a> | <a href="/npubwiki/wiki/index.php?title=Special:WhatLinksHere/File:Italy.XML&amp;limit=100" title="Special:WhatLinksHere/File:Italy.XML">100</a> | <a href="/npubwiki/wiki/index.php?title=Special:WhatLinksHere/File:Italy.XML&amp;limit=250" title="Special:WhatLinksHere/File:Italy.XML">250</a> | <a href="/npubwiki/wiki/index.php?title=Special:WhatLinksHere/File:Italy.XML&amp;limit=500" title="Special:WhatLinksHere/File:Italy.XML">500</a>)</div><div class="printfooter">Retrieved from "<a dir="ltr" href="http://wp12183585.server-he.de/npubwiki/wiki/index.php/Special:WhatLinksHere/File:Italy.XML">http://wp12183585.server-he.de/npubwiki/wiki/index.php/Special:WhatLinksHere/File:Italy.XML</a>"</div>
		<div id="catlinks" class="catlinks catlinks-allhidden" data-mw="interface"></div>
	</div>
</div>

<div id="mw-navigation">
	<h2>Navigation menu</h2>
	<div id="mw-head">
		<!-- Please do not use role attribute as CSS selector, it is deprecated. -->
<nav id="p-personal" class="vector-menu" aria-labelledby="p-personal-label" role="navigation" 
	 >
	<h3 id="p-personal-label">
		<span>Personal tools</span>
	</h3>
	<!-- Please do not use the .body class, it is deprecated. -->
	<div class="body vector-menu-content">
		<!-- Please do not use the .menu class, it is deprecated. -->
		<ul class="vector-menu-content-list"><li id="pt-login"><a href="/npubwiki/wiki/index.php?title=Special:UserLogin&amp;returnto=Special%3AWhatLinksHere%2FFile%3AItaly.XML" title="You are encouraged to log in; however, it is not mandatory [o]" accesskey="o">Log in</a></li></ul>
		
	</div>
</nav>


		<div id="left-navigation">
			<!-- Please do not use role attribute as CSS selector, it is deprecated. -->
<nav id="p-namespaces" class="vector-menu vector-menu-tabs vectorTabs" aria-labelledby="p-namespaces-label" role="navigation" 
	 >
	<h3 id="p-namespaces-label">
		<span>Namespaces</span>
	</h3>
	<!-- Please do not use the .body class, it is deprecated. -->
	<div class="body vector-menu-content">
		<!-- Please do not use the .menu class, it is deprecated. -->
		<ul class="vector-menu-content-list"><li id="ca-nstab-image" class="selected"><a href="/npubwiki/wiki/index.php/File:Italy.XML" title="View the file page [c]" accesskey="c">File</a></li><li id="ca-talk" class="new"><a href="/npubwiki/wiki/index.php?title=File_talk:Italy.XML&amp;action=edit&amp;redlink=1" rel="discussion" title="Discussion about the content page (page does not exist) [t]" accesskey="t">Discussion</a></li></ul>
		
	</div>
</nav>


			<!-- Please do not use role attribute as CSS selector, it is deprecated. -->
<nav id="p-variants" class="vector-menu-empty emptyPortlet vector-menu vector-menu-dropdown vectorMenu" aria-labelledby="p-variants-label" role="navigation" 
	 >
	<input type="checkbox" class="vector-menu-checkbox vectorMenuCheckbox" aria-labelledby="p-variants-label" />
	<h3 id="p-variants-label">
		<span>Variants</span>
	</h3>
	<!-- Please do not use the .body class, it is deprecated. -->
	<div class="body vector-menu-content">
		<!-- Please do not use the .menu class, it is deprecated. -->
		<ul class="menu vector-menu-content-list"></ul>
		
	</div>
</nav>


		</div>
		<div id="right-navigation">
			<!-- Please do not use role attribute as CSS selector, it is deprecated. -->
<nav id="p-views" class="vector-menu vector-menu-tabs vectorTabs" aria-labelledby="p-views-label" role="navigation" 
	 >
	<h3 id="p-views-label">
		<span>Views</span>
	</h3>
	<!-- Please do not use the .body class, it is deprecated. -->
	<div class="body vector-menu-content">
		<!-- Please do not use the .menu class, it is deprecated. -->
		<ul class="vector-menu-content-list"><li id="ca-view" class="collapsible"><a href="/npubwiki/wiki/index.php/File:Italy.XML">Read</a></li><li id="ca-viewsource" class="collapsible"><a href="/npubwiki/wiki/index.php?title=File:Italy.XML&amp;action=edit" title="This page is protected.&#10;You can view its source [e]" accesskey="e">View source</a></li><li id="ca-history" class="collapsible"><a href="/npubwiki/wiki/index.php?title=File:Italy.XML&amp;action=history" title="Past revisions of this page [h]" accesskey="h">View history</a></li></ul>
		
	</div>
</nav>


			<!-- Please do not use role attribute as CSS selector, it is deprecated. -->
<nav id="p-cactions" class="vector-menu-empty emptyPortlet vector-menu vector-menu-dropdown vectorMenu" aria-labelledby="p-cactions-label" role="navigation" 
	 >
	<input type="checkbox" class="vector-menu-checkbox vectorMenuCheckbox" aria-labelledby="p-cactions-label" />
	<h3 id="p-cactions-label">
		<span>More</span>
	</h3>
	<!-- Please do not use the .body class, it is deprecated. -->
	<div class="body vector-menu-content">
		<!-- Please do not use the .menu class, it is deprecated. -->
		<ul class="menu vector-menu-content-list"></ul>
		
	</div>
</nav>


			<div id="p-search" role="search">
	<h3 >
		<label for="searchInput">Search</label>
	</h3>
	<form action="/npubwiki/wiki/index.php" id="searchform">
		<div id="simpleSearch">
			<input type="search" name="search" placeholder="Search IHO Nautical Information Processing Working Group" title="Search IHO Nautical Information Processing Working Group [f]" accesskey="f" id="searchInput"/>
			<input type="hidden" name="title" value="Special:Search">
			<input type="submit" name="fulltext" value="Search" title="Search the pages for this text" id="mw-searchButton" class="searchButton mw-fallbackSearchButton"/>
			<input type="submit" name="go" value="Go" title="Go to a page with this exact name if it exists" id="searchButton" class="searchButton"/>
		</div>
	</form>
</div>

		</div>
	</div>
	
<div id="mw-panel">
	<div id="p-logo" role="banner">
		<a  title="Visit the main page" class="mw-wiki-logo" href="/npubwiki/wiki/index.php/Main_Page"></a>
	</div>
	<!-- Please do not use role attribute as CSS selector, it is deprecated. -->
<nav id="p-Navigation" class="vector-menu vector-menu-portal portal portal-first" aria-labelledby="p-Navigation-label" role="navigation" 
	 >
	<h3 id="p-Navigation-label">
		<span>Navigation</span>
	</h3>
	<!-- Please do not use the .body class, it is deprecated. -->
	<div class="body vector-menu-content">
		<!-- Please do not use the .menu class, it is deprecated. -->
		<ul class="vector-menu-content-list"><li id="n-Main-Page"><a href="/npubwiki/wiki/index.php/Main_Page">Main Page</a></li><li id="n-Test-Data-Samples"><a href="/npubwiki/wiki/index.php/SNPWG6">Test Data Samples</a></li><li id="n-FCD"><a href="/npubwiki/wiki/index.php/SNPWG">FCD</a></li><li id="n-ProdSpec.2FUML"><a href="/npubwiki/wiki/index.php/SNPWG2">ProdSpec/UML</a></li><li id="n-Confidence-of-NautInf"><a href="/npubwiki/wiki/index.php/SNPWG5">Confidence of NautInf</a></li><li id="n-XML-of-NtM-chrt-corr"><a href="/npubwiki/wiki/index.php/NtM_Chart-correction_XML">XML of NtM chrt corr</a></li><li id="n-Hrb-Infrastructure"><a href="/npubwiki/wiki/index.php/NIPWG_S-1xx_hrb_infrstrctr">Hrb Infrastructure</a></li><li id="n-Envrm-Conditions"><a href="/npubwiki/wiki/index.php/NIPWG_S-126_envrm_cndtn">Envrm Conditions</a></li><li id="n-SD-Gap-Analysis"><a href="/npubwiki/wiki/index.php/SDs/S-100_Gap_Analysis">SD Gap Analysis</a></li><li id="n-legacy-NIPWG-entry"><a href="/npubwiki/wiki/index.php/Legacy_NIPWG_entry_site">legacy NIPWG entry</a></li></ul>
		
	</div>
</nav>


	<!-- Please do not use role attribute as CSS selector, it is deprecated. -->
<nav id="p-Supplementary information" class="vector-menu-empty emptyPortlet vector-menu vector-menu-portal portal" aria-labelledby="p-Supplementary information-label" role="navigation" 
	 >
	<h3 id="p-Supplementary information-label">
		<span>Supplementary information</span>
	</h3>
	<!-- Please do not use the .body class, it is deprecated. -->
	<div class="body vector-menu-content">
		<!-- Please do not use the .menu class, it is deprecated. -->
		<ul class="vector-menu-content-list"></ul>
		
	</div>
</nav>

<!-- Please do not use role attribute as CSS selector, it is deprecated. -->
<nav id="p-Recent Changes" class="vector-menu vector-menu-portal portal" aria-labelledby="p-Recent Changes-label" role="navigation" 
	 >
	<h3 id="p-Recent Changes-label">
		<span>Recent Changes</span>
	</h3>
	<!-- Please do not use the .body class, it is deprecated. -->
	<div class="body vector-menu-content">
		<!-- Please do not use the .menu class, it is deprecated. -->
		<ul class="vector-menu-content-list"><li id="n-Recent-changes"><a href="/npubwiki/wiki/index.php/Special:RecentChanges">Recent changes</a></li></ul>
		
	</div>
</nav>

<!-- Please do not use role attribute as CSS selector, it is deprecated. -->
<nav id="p-Help" class="vector-menu vector-menu-portal portal" aria-labelledby="p-Help-label" role="navigation" 
	 >
	<h3 id="p-Help-label">
		<span>Help</span>
	</h3>
	<!-- Please do not use the .body class, it is deprecated. -->
	<div class="body vector-menu-content">
		<!-- Please do not use the .menu class, it is deprecated. -->
		<ul class="vector-menu-content-list"><li id="n-Site"><a href="/npubwiki/wiki/index.php/Help:Contents">Site</a></li><li id="n-General"><a href="https://www.mediawiki.org/wiki/Special:MyLanguage/Help:Contents">General</a></li></ul>
		
	</div>
</nav>

<!-- Please do not use role attribute as CSS selector, it is deprecated. -->
<nav id="p-Support" class="vector-menu vector-menu-portal portal" aria-labelledby="p-Support-label" role="navigation" 
	 >
	<h3 id="p-Support-label">
		<span>Support</span>
	</h3>
	<!-- Please do not use the .body class, it is deprecated. -->
	<div class="body vector-menu-content">
		<!-- Please do not use the .menu class, it is deprecated. -->
		<ul class="vector-menu-content-list"><li id="n-sitesupport"><a href="/npubwiki/wiki/index.php/Sitesupport-url">sitesupport</a></li></ul>
		
	</div>
</nav>

<!-- Please do not use role attribute as CSS selector, it is deprecated. -->
<nav id="p-Sandbox" class="vector-menu vector-menu-portal portal" aria-labelledby="p-Sandbox-label" role="navigation" 
	 >
	<h3 id="p-Sandbox-label">
		<span>Sandbox</span>
	</h3>
	<!-- Please do not use the .body class, it is deprecated. -->
	<div class="body vector-menu-content">
		<!-- Please do not use the .menu class, it is deprecated. -->
		<ul class="vector-menu-content-list"><li id="n-Sandbox"><a href="/npubwiki/wiki/index.php/Sandbox">Sandbox</a></li></ul>
		
	</div>
</nav>

<!-- Please do not use role attribute as CSS selector, it is deprecated. -->
<nav id="p-tb" class="vector-menu vector-menu-portal portal" aria-labelledby="p-tb-label" role="navigation" 
	 >
	<h3 id="p-tb-label">
		<span>Tools</span>
	</h3>
	<!-- Please do not use the .body class, it is deprecated. -->
	<div class="body vector-menu-content">
		<!-- Please do not use the .menu class, it is deprecated. -->
		<ul class="vector-menu-content-list"><li id="t-specialpages"><a href="/npubwiki/wiki/index.php/Special:SpecialPages" title="A list of all special pages [q]" accesskey="q">Special pages</a></li><li id="t-print"><a href="javascript:print();" rel="alternate" title="Printable version of this page [p]" accesskey="p">Printable version</a></li></ul>
		
	</div>
</nav>


	
</div>

</div>

<footer id="footer" class="mw-footer" role="contentinfo" >
	<ul id="footer-places" >
		<li id="footer-places-privacy"><a href="/npubwiki/wiki/index.php/IHO_Nautical_Information_Processing_Working_Group:Privacy_policy" title="IHO Nautical Information Processing Working Group:Privacy policy">Privacy policy</a></li>
		<li id="footer-places-about"><a href="/npubwiki/wiki/index.php/IHO_Nautical_Information_Processing_Working_Group:About" title="IHO Nautical Information Processing Working Group:About">About IHO Nautical Information Processing Working Group</a></li>
		<li id="footer-places-disclaimer"><a href="/npubwiki/wiki/index.php/IHO_Nautical_Information_Processing_Working_Group:General_disclaimer" title="IHO Nautical Information Processing Working Group:General disclaimer">Disclaimers</a></li>
	</ul>
	<ul id="footer-icons" class="noprint">
		<li id="footer-poweredbyico"><a href="https://www.mediawiki.org/"><img src="/npubwiki/wiki/resources/assets/poweredby_mediawiki_88x31.png" alt="Powered by MediaWiki" srcset="/npubwiki/wiki/resources/assets/poweredby_mediawiki_132x47.png 1.5x, /npubwiki/wiki/resources/assets/poweredby_mediawiki_176x62.png 2x" width="88" height="31" loading="lazy"/></a></li>
	</ul>
	<div style="clear: both;"></div>
</footer>



<script>(RLQ=window.RLQ||[]).push(function(){mw.config.set({"wgBackendResponseTime":589});});</script></body></html>
