<?xml version="1.0" encoding="UTF-8"?>
<?altova_sps ..\..\schemas\0.2\MPAdataentry.sps?>
<MPA:DataSet xmlns:MPA="http://www.iho.int/s100_mpa/0.1"
	xsi:schemaLocation="http://www.iho.int/s100_mpa/0.1 ../../schemas/0.2/mpaDS.xsd" xmlns:xsi="http://www.w3.org/2001/XMLSchema-instance"
	xmlns:gml="http://www.opengis.net/gml/3.2"
	xmlns:S100="http://www.iho.int/MPA/S100/0.1"
	
	xmlns:xlink="http://www.w3.org/1999/xlink">
	<MPA:SeaArea gml:id="USSEAARE1">
		<S100:informationAssociation gml:id="USia0001" xlink:href="#USNATINF1"/>
		<S100:informationAssociation gml:id="USia0002A" xlink:href="#USNATINF2A"/>
		<S100:informationAssociation gml:id="USia0002B" xlink:href="#USNATINF2B"/>
		<S100:informationAssociation gml:id="USia0003" xlink:href="#USNATINF12"/>
		<S100:informationAssociation gml:id="USia0025" xlink:href="#USREGLTS1"/>
		<S100:informationAssociation gml:id="USia0026" xlink:href="#USREGLTS2"/>
		<S100:informationAssociation gml:id="USia0027" xlink:href="#USREGLTS3"/>
		<name>
			<text>Central Gulf of Maine (Jordan Basin, Cashes Ledge)</text>
			<language>eng</language>
			<categoryOfName>common name</categoryOfName>
		</name>
		<gml:Surface gml:id="USs00001">
			<gml:patches>
				<gml:PolygonPatch>
					<gml:exterior>
						<gml:LinearRing>
							<gml:posList>-67.5000	44.3667
								-66.6000	44.0667
								-68.3500	42.1000
								-69.8667	43.0667
								-67.5000	44.3667
							</gml:posList>
						</gml:LinearRing>
					</gml:exterior>
				</gml:PolygonPatch>
			</gml:patches>
		</gml:Surface>
	</MPA:SeaArea>
	<MPA:SeaArea gml:id="USSEAARE2">
		<S100:informationAssociation gml:id="USia0004" xlink:href="#USNATINF1"/>
		<S100:informationAssociation gml:id="USia0005" xlink:href="#USNATINF3"/>
		<S100:informationAssociation gml:id="USia0006" xlink:href="#USNATINF12"/>
		<S100:informationAssociation gml:id="USia0029" xlink:href="#USREGLTS1"/>
		<name>
			<text>Cape Cod Bay</text>
			<language>eng</language>
			<categoryOfName>common name</categoryOfName>
		</name>
		<gml:Surface gml:id="USs00002">
			<gml:patches>
				<gml:PolygonPatch>
					<gml:exterior>
						<gml:LinearRing>
							<gml:posList>-70.6500	42.2000
								-69.9667	42.0667
								-70.0333	41.8000
								-70.4500	41.7667
								-70.6500	42.2000</gml:posList>
						</gml:LinearRing>
					</gml:exterior>
				</gml:PolygonPatch>
			</gml:patches>
		</gml:Surface>
	</MPA:SeaArea>
	<MPA:SeaArea gml:id="USSEAARE3">
		<S100:informationAssociation gml:id="USia0007" xlink:href="#USNATINF1"/>
		<S100:informationAssociation gml:id="USia0008" xlink:href="#USNATINF4"/>
		<S100:informationAssociation gml:id="USia0009" xlink:href="#USNATINF12"/>
		<S100:informationAssociation gml:id="USia0032" xlink:href="#USREGLTS1"/>
		<S100:informationAssociation gml:id="USia0033" xlink:href="#USREGLTS2"/>
		<S100:informationAssociation gml:id="USia0034" xlink:href="#USREGLTS3"/>
		<name>
			<text>Great South Channel, northern edge of Georges Bank</text>
			<language>eng</language>
			<categoryOfName>common name</categoryOfName>
		</name>
		<gml:Surface gml:id="USs00003">
			<gml:patches>
				<gml:PolygonPatch>
					<gml:exterior>
						<gml:LinearRing>
							<gml:posList>-69.0333	40.9333
								-65.7833	42.3833
								-70.0167	42.3833
								-69.0333	40.9333</gml:posList>
						</gml:LinearRing>
					</gml:exterior>
				</gml:PolygonPatch>
			</gml:patches>
		</gml:Surface>
	</MPA:SeaArea>
	
	<MPA:SeaArea gml:id="USSEAARE4">
		<S100:informationAssociation gml:id="USia0010" xlink:href="#USNATINF1"/>
		<S100:informationAssociation gml:id="USia0011" xlink:href="#USNATINF5"/>
		<S100:informationAssociation gml:id="USia0012" xlink:href="#USNATINF12"/>
		<S100:informationAssociation gml:id="USia0035" xlink:href="#USREGLTS1"/>
		<S100:informationAssociation gml:id="USia0036" xlink:href="#USREGLTS2"/>
		<S100:informationAssociation gml:id="USia0037" xlink:href="#USREGLTS3"/>
		<name>
			<text>Bay of Fundy, Scotian Shelf (Browns Bank, Roseway Basin)</text>
			<language>eng</language>
			<categoryOfName>common name</categoryOfName>
		</name>
		<gml:Surface gml:id="USs00004">
			<gml:patches>
				<gml:PolygonPatch>
					<gml:exterior>
						<gml:LinearRing>
							<gml:posList>-68.5000	44.0
								-65.0	45.5000
								-64.8333	45.1667
								-66.6667	44.1667
								-65.5000	43.3333
								-64.5000	44.0
								-64.5000	42.1667
								-66.8333	42.1667
								-68.5000	44.0</gml:posList>
						</gml:LinearRing>
					</gml:exterior>
				</gml:PolygonPatch>
			</gml:patches>
		</gml:Surface>
	</MPA:SeaArea>
	
	<MPA:SeaArea gml:id="USSEAARE5">
		<S100:informationAssociation gml:id="USia0013" xlink:href="#USNATINF1"/>
		<S100:informationAssociation gml:id="USia0014" xlink:href="#USNATINF6"/>
		<S100:informationAssociation gml:id="USia0015" xlink:href="#USNATINF12"/>
		<S100:informationAssociation gml:id="USia0038" xlink:href="#USREGLTS1"/>
		<S100:informationAssociation gml:id="USia0039" xlink:href="#USREGLTS2"/>
		<S100:informationAssociation gml:id="USia0040" xlink:href="#USREGLTS3"/>
		<name>
			<text>Jeffreys Ledge</text>
			<language>eng</language>
			<categoryOfName>common name</categoryOfName>
		</name>
		<!-- coordinates not available -->
	</MPA:SeaArea>
	
	<MPA:SeaArea gml:id="USSEAARE6">
		<S100:informationAssociation gml:id="USia0016" xlink:href="#USNATINF1"/>
		<S100:informationAssociation gml:id="USia0017" xlink:href="#USNATINF7"/>
		<S100:informationAssociation gml:id="USia0018" xlink:href="#USNATINF12"/>
		<S100:informationAssociation gml:id="USia0041" xlink:href="#USREGLTS1"/>
		<S100:informationAssociation gml:id="USia0042" xlink:href="#USREGLTS2"/>
		<S100:informationAssociation gml:id="USia0043" xlink:href="#USREGLTS3"/>
		<name>
			<text>Stellwagen Bank National Marine Sanctuary</text>
			<language>eng</language>
			<categoryOfName>common name</categoryOfName>
		</name>
		<gml:Surface gml:id="USs00006">
			<gml:patches>
				<gml:PolygonPatch>
					<gml:exterior>
						<gml:LinearRing>
							<gml:posList>-70.2833	43.4167
								-69.3000	43.4167
								-69.7833	42.4500
								-70.7833	42.8500
								-70.2833	43.4167</gml:posList>
						</gml:LinearRing>
					</gml:exterior>
				</gml:PolygonPatch>
			</gml:patches>
		</gml:Surface>
	</MPA:SeaArea>
	
	<MPA:SeaArea gml:id="USSEAARE7">
		<S100:informationAssociation gml:id="USia0019" xlink:href="#USNATINF1"/>
		<S100:informationAssociation gml:id="USia0020" xlink:href="#USNATINF8"/>
		<S100:informationAssociation gml:id="USia0021" xlink:href="#USNATINF12"/>
		<S100:informationAssociation gml:id="USia0044" xlink:href="#USREGLTS1"/>
		<S100:informationAssociation gml:id="USia0045" xlink:href="#USREGLTS2"/>
		<S100:informationAssociation gml:id="USia0046" xlink:href="#USREGLTS3"/>
		<name>
			<text>New York to North Carolina</text>
			<language>eng</language>
			<categoryOfName>common name</categoryOfName>
		</name>
		<gml:Surface gml:id="USs00007">
			<gml:patches>
				<gml:PolygonPatch>
					<gml:exterior>
						<gml:LinearRing>
							<gml:posList>-77.9333	33.3833
								-74.7167	35.1500
								-75.4333	37.167
								-73.4000	40.1833
								-71.2500	41.2167
								-72.2500	41.7167
								-75.2167	41.7167
								-79.4167	34.7000
								-77.9333	33.3833</gml:posList>
						</gml:LinearRing>
					</gml:exterior>
				</gml:PolygonPatch>
			</gml:patches>
		</gml:Surface>
	</MPA:SeaArea>
	<MPA:SeaArea gml:id="USSEAARE8">
		<S100:informationAssociation gml:id="USia0022" xlink:href="#USNATINF1"/>
		<S100:informationAssociation gml:id="USia0023" xlink:href="#USNATINF9"/>
		<S100:informationAssociation gml:id="USia0024" xlink:href="#USNATINF12"/>
		<S100:informationAssociation gml:id="USia0047" xlink:href="#USREGLTS1"/>
		<S100:informationAssociation gml:id="USia0048" xlink:href="#USREGLTS2"/>
		<S100:informationAssociation gml:id="USia0049" xlink:href="#USREGLTS3"/>
		<name>
			<text>South Carolina, Georgia and Florida calving area</text>
			<language>eng</language>
			<categoryOfName>common name</categoryOfName>
		</name>
		<gml:Surface gml:id="USs00008">
			<gml:patches>
				<gml:PolygonPatch>
					<gml:exterior>
						<gml:LinearRing>
							<gml:posList>-79.4167	34.7000
								-77.9333	33.3833
								-80.8167	31.0
								-79.3500	26.8333
								-79.8167	24.9500
								-81.1167	26.4833
								-82.2333	30.8333
								-79.4167	34.7000</gml:posList>
						</gml:LinearRing>
					</gml:exterior>
				</gml:PolygonPatch>
			</gml:patches>
		</gml:Surface>
	</MPA:SeaArea>
	<MPA:SeaArea gml:id="UASEAARE9">
		<S100:informationAssociation gml:id="USia0094" xlink:href="#USNATINF10"/>
		<S100:informationAssociation gml:id="USia0095" xlink:href="#USNATINF12"/>
		<name>
			<text>NE NARW Sighting are</text>
			<language>eng</language>
			<categoryOfName>common name</categoryOfName>
		</name>
		<gml:Surface gml:id="USs00015">
			<gml:patches>
				<gml:PolygonPatch>
					<gml:exterior>
						<gml:LinearRing>
							<gml:posList>-69.0	40.5000
								-74.0	40.8333
								-67.5000	45.0
								-64.5000	42.6667
								-69.0	40.5000
							</gml:posList>
						</gml:LinearRing>
					</gml:exterior>
				</gml:PolygonPatch>
			</gml:patches>
		</gml:Surface>
	</MPA:SeaArea>
	<MPA:SeaArea gml:id="UASEAARE10">
		<S100:informationAssociation gml:id="USia0101" xlink:href="#USNATINF11"/>
		<S100:informationAssociation gml:id="USia0102" xlink:href="#USNATINF12"/>
		<name>
			<text>SE NARW Sighting are</text>
			<language>eng</language>
			<categoryOfName>common name</categoryOfName>
		</name>
		<gml:Surface gml:id="USs00016">
			<gml:patches>
				<gml:PolygonPatch>
					<gml:exterior>
						<gml:LinearRing><gml:posList>-77.5000	33.0
							-79.5000	29.5000
							-81.5000	29.5000
							-81.5000	35.5000
							-77.5000	30.0
						</gml:posList></gml:LinearRing>
					</gml:exterior>
				</gml:PolygonPatch>
			</gml:patches>
		</gml:Surface>
	</MPA:SeaArea>
	<MPA:SeaArea gml:id="UASEAARE11">
		<S100:informationAssociation gml:id="USia0108" xlink:href="#USRCMDTS1"/>
		<S100:informationAssociation gml:id="USia0109" xlink:href="#USAUTORI3"/>
		<S100:informationAssociation gml:id="USia0110" xlink:href="#USAUTORI5"/>
		<name>
			<text>Virginia to Maine</text>
			<language>eng</language>
			<categoryOfName>common name</categoryOfName>
		</name>
		<gml:Surface gml:id="USs00017">
			<gml:patches><gml:PolygonPatch>
				<gml:exterior>
					<gml:LinearRing><gml:posList>-76.5000	36.5833
						-72.0	36.5833
						-66.0	40.8333
						-66.0	44.5000
						-67.0833	45.1667
						-76.5000	45.1667
						-76.5000	36.5833
					</gml:posList></gml:LinearRing>
				</gml:exterior>
			</gml:PolygonPatch></gml:patches>
		</gml:Surface>
	</MPA:SeaArea>
	
	<MPA:SeaArea gml:id="UASEAARE12">
		<S100:informationAssociation gml:id="USia0111" xlink:href="#USRCMDTS1"/>
		<S100:informationAssociation gml:id="USia0112" xlink:href="#USAUTORI4"/>
		<S100:informationAssociation gml:id="USia0113" xlink:href="#USAUTORI5"/>
		<name>
			<text>North Carolina to Floridae</text>
			<language>eng</language>
			<categoryOfName>common name</categoryOfName>
		</name>
		<gml:Surface gml:id="USs00018">
			<gml:patches><gml:PolygonPatch>
				<gml:exterior>
					<gml:LinearRing><gml:posList>-72.0	36.5833
						-76.5000	36.5833
						-82.0	31.0
						-80.0	24.0
						-72.0	36.5833
					</gml:posList></gml:LinearRing>
				</gml:exterior>
			</gml:PolygonPatch></gml:patches>
		</gml:Surface>
	</MPA:SeaArea>
	<MPA:MarineProtectedArea gml:id="USMPAARE1">
		<S100:informationAssociation gml:id="USia0061" xlink:href="#USREGLTS4"/>
		<S100:informationAssociation gml:id="USia0062" xlink:href="#USREGLTS9"/>
		<S100:informationAssociation gml:id="USia0063" xlink:href="#USNATINF12"/>
		<categoryOfIUCN>category IV</categoryOfIUCN>
		<jurisdiction>national</jurisdiction>
		<gml:Surface gml:id="USs00009">
			<gml:patches><gml:PolygonPatch>
				<gml:exterior>
					<gml:LinearRing>
						<gml:posList>-70.2000	42.0824
							-70.2000	42.2000
							-70.7139	42.2000
							-70.7056	42.1664
							-70.6336	42.0839
							-70.5972	42.0028
							-70.6458	41.9855
							-70.5361	41.9275
							-70.5225	41.8586
							-70.5405	41.8239
							-70.2631	41.7411
							-70.0248	41.8050
							-70.1089	42.0361
							-70.1894	42.0175
							-70.2500	42.0720
							-70.2000	42.0824
						</gml:posList>
					</gml:LinearRing>
				</gml:exterior>
			</gml:PolygonPatch></gml:patches>
		</gml:Surface>
	</MPA:MarineProtectedArea>
	<MPA:MarineProtectedArea gml:id="USMPAARE2">
		<S100:informationAssociation gml:id="USia0064" xlink:href="#USREGLTS5"/>
		<S100:informationAssociation gml:id="USia0065" xlink:href="#USREGLTS9"/>
		<S100:informationAssociation gml:id="USia0066" xlink:href="#USNATINF12"/>
		<categoryOfIUCN>category IV</categoryOfIUCN>
		<jurisdiction>national</jurisdiction>
		<gml:Surface gml:id="USs00010">
			<gml:patches>
				<gml:PolygonPatch>
					<gml:exterior>
						<gml:LinearRing>
							<gml:posList>-69.7500	41.6833
								-69.7500	42.5000
								-70.5000	42.5000
								-70.5000	42.2000
								-70.2000	42.2000
								-70.2000	42.0824
								-70.0214	42.0111
								-69.9306	41.6833
								-69.7500	41.6833</gml:posList>
						</gml:LinearRing>
					</gml:exterior>
				</gml:PolygonPatch></gml:patches>
		</gml:Surface>
	</MPA:MarineProtectedArea>
	<MPA:MarineProtectedArea gml:id="USMPAARE3">
		<S100:informationAssociation gml:id="USia0067" xlink:href="#USREGLTS6"/>
		<S100:informationAssociation gml:id="USia0068" xlink:href="#USREGLTS9"/>
		<S100:informationAssociation gml:id="USia0069" xlink:href="#USNATINF12"/>
		<categoryOfIUCN>category IV</categoryOfIUCN>
		<jurisdiction>national</jurisdiction>
		<gml:Surface gml:id="USs00011">
			<gml:patches><gml:PolygonPatch>
				<gml:exterior>
					<gml:LinearRing>
						<gml:posList>-69.7500	42.5000
							-67.4500	42.5000
							-67.1400	42.1500
							-69.0833	41.0
							-69.7500	41.6667
							-69.7500	42.5000
						</gml:posList>
					</gml:LinearRing>
				</gml:exterior>
			</gml:PolygonPatch></gml:patches>
		</gml:Surface>
	</MPA:MarineProtectedArea>
	<MPA:MarineProtectedArea gml:id="USMPAARE4">
		<S100:informationAssociation gml:id="USia0070" xlink:href="#USREGLTS7"/>
		<S100:informationAssociation gml:id="USia0071" xlink:href="#USREGLTS9"/>
		<S100:informationAssociation gml:id="USia0072" xlink:href="#USNATINF12"/>
		<categoryOfIUCN>category IV</categoryOfIUCN>
		<jurisdiction>national</jurisdiction>
		<gml:Surface gml:id="USs00012">
			<gml:patches>
				<gml:PolygonPatch>
					<gml:exterior>
						<gml:LinearRing>
							<gml:posList>-73.9402	40.5427
								-73.7889	40.5875
								-73.7416	40.5228
								-73.7494	40.4477
								-73.8058	40.3798
								-73.9717	40.3503
								-73.9823	40.4469
								-74.0044	40.4803
								-73.9402	40.5427
							</gml:posList>
						</gml:LinearRing>
					</gml:exterior>
				</gml:PolygonPatch><!-- New York/New Jersey -->
				<gml:PolygonPatch>
					<gml:exterior>
						<gml:LinearRing>
							<gml:posList>-74.9675	38.9341
								-74.8617	38.9444
								-74.8358	38.8709
								-74.8753	38.7858
								-74.9569	38.7386
								-75.0781	38.7314
								-75.0972	38.8053
								-74.9675	38.9341
							</gml:posList>
						</gml:LinearRing>
					</gml:exterior>
				</gml:PolygonPatch><!-- Delaware Bay -->
				<gml:PolygonPatch>
					<gml:exterior>
						<gml:LinearRing>
							<gml:posList>-75.9767	37.1542
								-75.8706	37.1411
								-75.8086	37.833
								-75.7823	36.9914
								-75.8352	36.9072
								-75.9784	36.8653
								-76.0698	36.9139
								-75.9767	37.1542
							</gml:posList>
						</gml:LinearRing>
					</gml:exterior>
				</gml:PolygonPatch><!-- Chesapeake Bay -->
				<gml:PolygonPatch>
					<gml:exterior>
						<gml:LinearRing>
							<gml:posList>-76.6644	34.6891
								-76.5508	34.6472
								-76.5344	34.5886
								-76.6764	34.5427
								-76.7581	34.5684
								-76.8178	34.6164
								-76.8397	34.6911
								-76.6767	34.6933
								-76.6644	34.6891
							</gml:posList>
						</gml:LinearRing>
					</gml:exterior>
				</gml:PolygonPatch><!-- Morehead City and Beaufort -->
				<gml:PolygonPatch>
				<gml:exterior>
					<gml:LinearRing>
						<gml:posList>-70.6125	40.8649
							-70.8289	41.3373
							-71.8558	41.0713
							-71.6403	40.5990
							-70.6125	40.8649</gml:posList>
					</gml:LinearRing>
				</gml:exterior>
			</gml:PolygonPatch><!-- Block Island Sound -->
			<gml:PolygonPatch>
				<gml:exterior>
					<gml:LinearRing>
						<gml:posList>-77.8200	34.1750
							-77.5250	33.9450
							-77.7850	33.6083
							-78.5417	33.4733
							-78.8383	32.9850
							-80.5533	31.8333
							-80.8600	31.4500
							-81.4000	31.4500
							-80.0667	32.9833
							-77.8200	34.1750</gml:posList><!-- Continuous 20-nm management area, 20 nm from shore -->
					</gml:LinearRing>
				</gml:exterior>
			</gml:PolygonPatch></gml:patches>
		</gml:Surface>
	</MPA:MarineProtectedArea>
	<MPA:MarineProtectedArea gml:id="USMPAARE5">
		<S100:informationAssociation gml:id="USia0073" xlink:href="#USREGLTS8"/>
		<S100:informationAssociation gml:id="USia0074" xlink:href="#USREGLTS9"/>
		<S100:informationAssociation gml:id="USia0075" xlink:href="#USNATINF12"/>
		<categoryOfIUCN>category IV</categoryOfIUCN>
		<jurisdiction>national</jurisdiction>
		<gml:Surface gml:id="USs00013">
			<gml:patches><gml:PolygonPatch>
				<gml:exterior>
					<gml:LinearRing>
						<gml:posList>-81.2278	31.4500
							-80.8600	31.4500
							-80.8600	29.7500
							-81.2452	29.7500
							-81.4214	30.5333
							-81.3784	31.1119
							-81.2278	31.4500
						</gml:posList>
					</gml:LinearRing>
				</gml:exterior>
			</gml:PolygonPatch></gml:patches>
		</gml:Surface>
	</MPA:MarineProtectedArea>
	<MPA:MarineProtectedArea gml:id="USMPAARE6">
		<S100:informationAssociation gml:id="USia0085" xlink:href="#USREGLTS10"/>
		<S100:informationAssociation gml:id="USia0086" xlink:href="#USAUTORI1"/>
		<S100:informationAssociation gml:id="USia0087" xlink:href="#USNATINF12"/>
		<categoryOfIUCN>category IV</categoryOfIUCN>
		<jurisdiction>national</jurisdiction>
		<!-- no coordinates available -->
	</MPA:MarineProtectedArea>
	<MPA:MarineService gml:id="USMRNSRV1">
		<!--<S100:informationAssociation gml:id="USia0127" xlink:href="#USAPPLIC3"/>-->
		<!--<S100:informationAssociation gml:id="USia0128" xlink:href="#USAPPLIC4"/>-->
		<S100:informationAssociation gml:id="USia0129" xlink:href="#USCONDET6"/>
		<S100:informationAssociation gml:id="USia0130" xlink:href="#USCONDET7"/>
		<S100:informationAssociation gml:id="USia0131" xlink:href="#USREGLTS12"/>
		<S100:informationAssociation gml:id="USia0132" xlink:href="#USREGLTS13"/>
		<S100:informationAssociation gml:id="USia0133" xlink:href="#USREGLTS14"/>
		<S100:informationAssociation gml:id="USia0134" xlink:href="#USREGLTS15"/>
		<S100:informationAssociation gml:id="USia0135" xlink:href="#USREGLTS16"/>
		<S100:informationAssociation gml:id="USia0136" xlink:href="#USREGLTS17"/>
		<S100:informationAssociation gml:id="USia0137" xlink:href="#USREGLTS18"/>
		<S100:informationAssociation gml:id="USia0157" xlink:href="#USSHPREP2"/>
		<MPA:PermissionType gml:id="USia0127" xlink:href="#USAPPLIC3">
			<categoryOfRelationship>required</categoryOfRelationship>
		</MPA:PermissionType>
		<MPA:PermissionType gml:id="USia0128" xlink:href="#USAPPLIC4">
			<categoryOfRelationship>recommended</categoryOfRelationship>
		</MPA:PermissionType>
		<!--<S100:informationAssociation gml:id="USia0158" xlink:href="#USSHPREP2"/>-->
		<name>
			<text>WHALESSOUTH</text>
			<language>eng</language>
		</name>
		<categoryOfMarineService>ship reporting system</categoryOfMarineService>
		<gml:Surface gml:id="USs00019">
			<gml:patches>
				<gml:PolygonPatch>
					<gml:exterior>
						<gml:LinearRing>
							<gml:posList>-76.5000	36.5833
								-72.0	36.5833
								-66.0	40.8333
								-66.0	44.5000
								-67.833	45.1667
								-76.5000	45.1667
								-76.5000	36.5833</gml:posList>
						</gml:LinearRing>
					</gml:exterior>
				</gml:PolygonPatch>
			</gml:patches>
		</gml:Surface>
	</MPA:MarineService>
	<MPA:MarineService gml:id="USMRNSRV2">
		<!--<S100:informationAssociation gml:id="USia0138" xlink:href="#USAPPLIC3"/>-->
		<!--<S100:informationAssociation gml:id="USia0139" xlink:href="#USAPPLIC4"/>-->
		<S100:informationAssociation gml:id="USia0140" xlink:href="#USCONDET6"/>
		<S100:informationAssociation gml:id="USia0141" xlink:href="#USCONDET7"/>
		<S100:informationAssociation gml:id="USia0142" xlink:href="#USREGLTS12"/>
		<S100:informationAssociation gml:id="USia0143" xlink:href="#USREGLTS13"/>
		<S100:informationAssociation gml:id="USia0144" xlink:href="#USREGLTS14"/>
		<S100:informationAssociation gml:id="USia0145" xlink:href="#USREGLTS15"/>
		<S100:informationAssociation gml:id="USia0146" xlink:href="#USREGLTS16"/>
		<S100:informationAssociation gml:id="USia0147" xlink:href="#USREGLTS17"/>
		<S100:informationAssociation gml:id="USia0148" xlink:href="#USREGLTS18"/>
		<S100:informationAssociation gml:id="USia0159" xlink:href="#USSHPREP3"/>
		<MPA:PermissionType gml:id="USia0138" xlink:href="#USAPPLIC3">
			<categoryOfRelationship>required</categoryOfRelationship>
		</MPA:PermissionType>
		<MPA:PermissionType gml:id="USia0139" xlink:href="#USAPPLIC4">
			<categoryOfRelationship>recommended</categoryOfRelationship>
		</MPA:PermissionType>
		<name>
			<text>WHALESSOUTH</text>
			<language>eng</language>
		</name>
		<periodStart><gMonthDay>--11-15</gMonthDay></periodStart>
		<periodEnd><gMonthDay>--04-15</gMonthDay></periodEnd>
		<categoryOfMarineService>ship reporting system</categoryOfMarineService>
		<gml:Surface gml:id="USs00020">
			<gml:patches>
				<gml:PolygonPatch>
					<gml:exterior>
						<gml:LinearRing>
							<gml:posList>-72.0 36.5833 -76.5000 36.5833 -82.0 31.0 -80.0 24.0 -72.0 36.5833 </gml:posList>
						</gml:LinearRing>
					</gml:exterior>
				</gml:PolygonPatch>
			</gml:patches>
		</gml:Surface>
	</MPA:MarineService>
	<MPA:RestrictedArea gml:id="USRESARE1">
		<S100:informationAssociation gml:id="USia0089" xlink:href="#USREGLTS11"/>
		<S100:informationAssociation gml:id="USia0090" xlink:href="#USNATINF12"/>
		<restriction>area to be avoided</restriction>
		<gml:Surface gml:id="USs00021">
			<gml:patches>
				<gml:PolygonPatch>
					<gml:exterior>
						<gml:LinearRing>
							<gml:posList>-69.5806	41.7355
								-68.5167	42.1667
								-68.5167	41.4147
								-68.9778	40.8411
							</gml:posList>
						</gml:LinearRing>
					</gml:exterior>
				</gml:PolygonPatch>
			</gml:patches>
		</gml:Surface>
	</MPA:RestrictedArea>
	<MPA:Authority gml:id="USAUTORI1">
		<S100:informationAssociation gml:id="USia0099" xlink:href="#USCONDET1"/>
		<S100:inv_informationAssociation gml:id="USiaINV0056" xlink:href="#USNATINF10"/>
		<name>
			<text>NOAA Fisheries</text>
			<language>eng</language>
			<categoryOfName>official name</categoryOfName>
		</name>
	</MPA:Authority>
	<MPA:Authority gml:id="USAUTORI2">
		<S100:informationAssociation gml:id="USia0105" xlink:href="#USCONDET2"/>
		<S100:inv_informationAssociation gml:id="USiaINV0059" xlink:href="#USNATINF11"/>
		<name>
			<text>NOAA Fisheries</text>
			<language>eng</language>
			<categoryOfName>official name</categoryOfName>
		</name>
	</MPA:Authority>
	<MPA:Authority gml:id="USAUTORI3">
		<S100:informationAssociation gml:id="USia0115" xlink:href="#USCONDET3"/>
		<S100:informationAssociation gml:id="USia0116" xlink:href="#USSHPREP1"/>
		<S100:inv_informationAssociation gml:id="USiaINV0080" xlink:href="#USSEAARE11"/>
		<name>
			<text>NOAA National Marine Fisheries Service</text>
			<language>eng</language>
			<categoryOfName>official name</categoryOfName>
		</name>
	</MPA:Authority>
	<MPA:Authority gml:id="USAUTORI4">
		<S100:informationAssociation gml:id="USia0119" xlink:href="#USSHPREP1"/>
		<S100:informationAssociation gml:id="USia0120" xlink:href="#USCONDET4"/>
		<S100:inv_informationAssociation gml:id="USiaINV0082" xlink:href="#USSEAARE12"/>
		<name>
			<text>NOAA National Marine Fisheries Service</text>
			<language>eng</language>
			<categoryOfName>official name</categoryOfName>
		</name>
	</MPA:Authority>
	<MPA:Authority gml:id="USAUTORI5">
		<S100:informationAssociation gml:id="USia0123" xlink:href="#USSHPREP1"/>
		<S100:informationAssociation gml:id="USia0124" xlink:href="#USCONDET5"/>
		<S100:inv_informationAssociation gml:id="USiaINV0084" xlink:href="#USSEAARE11"/>
		<S100:inv_informationAssociation gml:id="USiaINV0085" xlink:href="#USSEAARE12"/>
		<name>
			<text>Coast Guard</text>
			<language>eng</language>
			<categoryOfName>official name</categoryOfName>
		</name>
	</MPA:Authority>
	<MPA:ContactDetails gml:id="USCONDET1">
		<S100:inv_informationAssociation gml:id="USiaINV0057" xlink:href="#USAUTORI1"/>
		<emailAddress>ne.rw.sightings@noaa.gov</emailAddress>
	</MPA:ContactDetails>
	<MPA:ContactDetails gml:id="USCONDET2">
		<S100:inv_informationAssociation gml:id="USiaINV0060" xlink:href="#USAUTORI2"/>
		<emailAddress>se.rw.sightings@noaa.gov</emailAddress>
	</MPA:ContactDetails>
	<MPA:ContactDetails gml:id="USCONDET3">
		<S100:inv_informationAssociation gml:id="USiaINV0081" xlink:href="#USAUTORI3"/>
		<telephoneNumber>+1 9782819351</telephoneNumber>
	</MPA:ContactDetails>
	<MPA:ContactDetails gml:id="USCONDET4">
		<S100:inv_informationAssociation gml:id="USiaINV0083" xlink:href="#USAUTORI4"/>
		<telephoneNumber>+1 8774338299</telephoneNumber>
	</MPA:ContactDetails>
	<MPA:ContactDetails gml:id="USCONDET5">
		<S100:inv_informationAssociation gml:id="USiaINV0086" xlink:href="#USAUTORI5"/>
		<communicationChannel>16</communicationChannel>
	</MPA:ContactDetails>
	<MPA:ContactDetails gml:id="USCONDET6">
		<S100:inv_informationAssociation gml:id="USiaINV0094" xlink:href="#USMRNSRV1"/>
		<S100:inv_informationAssociation gml:id="USiaINV0095" xlink:href="#USMRNSRV2"/>
		<name>
			<text>NOAA National Marine Fisheries Service</text>
			<language>eng</language>
			<categoryOfName>official name</categoryOfName>
		</name>
		<emailAddress>RightWhale.MSR@noaa.gov</emailAddress>
		<telexNumber>48156090</telexNumber>
	</MPA:ContactDetails>
	<MPA:ContactDetails gml:id="USCONDET7">
		<S100:inv_informationAssociation gml:id="USiaINV0096" xlink:href="#USMRNSRV1"/>
		<S100:inv_informationAssociation gml:id="USiaINV0097" xlink:href="#USMRNSRV2"/>
		<name>
			<text>U.S. Coast Guard's Communication Area Master Station Atlantic (CAMSLANT)</text>
			<language>eng</language>
			<categoryOfName>official name</categoryOfName>
		</name>
		<telephoneNumber>+1 8007428519x0</telephoneNumber>
		<categoryOfChannelOrFrequencyPreference>preferred working</categoryOfChannelOrFrequencyPreference>
		<frequencyPair>
			<frequencyShoreStationTransmits xsi:nil="true"/>
			<frequencyShoreStationReceives>002182</frequencyShoreStationReceives>
		</frequencyPair>
		<frequencyPair>
			<frequencyShoreStationTransmits xsi:nil="true"/>
			<frequencyShoreStationReceives>004125</frequencyShoreStationReceives>
		</frequencyPair>
		<frequencyPair>
			<frequencyShoreStationTransmits xsi:nil="true"/>
			<frequencyShoreStationReceives>006215</frequencyShoreStationReceives>
		</frequencyPair>
		<frequencyPair>
			<frequencyShoreStationTransmits xsi:nil="true"/>
			<frequencyShoreStationReceives>008291</frequencyShoreStationReceives>
		</frequencyPair>
		<frequencyPair>
			<frequencyShoreStationTransmits xsi:nil="true"/>
			<frequencyShoreStationReceives>12290</frequencyShoreStationReceives>
		</frequencyPair>
		<frequencyPair>
			<frequencyShoreStationTransmits xsi:nil="true"/>
			<frequencyShoreStationReceives>16420</frequencyShoreStationReceives>
		</frequencyPair>
	</MPA:ContactDetails>
	<MPA:NauticalInformation gml:id="USNATINF1">
		<S100:inv_informationAssociation gml:id="USiaINV0001" xlink:href="#USSEAARE1"/>
		<S100:inv_informationAssociation gml:id="USiaINV0002" xlink:href="#USSEAARE2"/>
		<S100:inv_informationAssociation gml:id="USiaINV0003" xlink:href="#USSEAARE3"/>
		<S100:inv_informationAssociation gml:id="USiaINV0004" xlink:href="#USSEAARE4"/>
		<S100:inv_informationAssociation gml:id="USiaINV0005" xlink:href="#USSEAARE5"/>
		<S100:inv_informationAssociation gml:id="USiaINV0006" xlink:href="#USSEAARE6"/>
		<S100:inv_informationAssociation gml:id="USiaINV0007" xlink:href="#USSEAARE7"/>
		<S100:inv_informationAssociation gml:id="USiaINV0008" xlink:href="#USSEAARE8"/>
		<categoryOfAuthority>environmental</categoryOfAuthority>
		<textContent>
			<categoryOfText>Full text</categoryOfText>
			<language>eng</language>
			<headline>Presence of North Atlantic Right Whales</headline>
			<fileName>USNARWPRES.TXT</fileName>
		</textContent>
	</MPA:NauticalInformation>
	<MPA:NauticalInformation gml:id="USNATINF2A">
		<S100:inv_informationAssociation gml:id="USiaINV0009A" xlink:href="#USSEAARE1"/>
		<periodStart><gMonth>--04</gMonth></periodStart>
		<periodEnd><gMonth>--06</gMonth></periodEnd>
		<information>
			<text>Most of the North Atlantic Right Whale population can be found in this area during this time</text>
			<language>eng</language>
		</information>
		<categoryOfAuthority>environmental</categoryOfAuthority>
	</MPA:NauticalInformation>
	<MPA:NauticalInformation gml:id="USNATINF2B">
		<S100:inv_informationAssociation gml:id="USiaINV0009B" xlink:href="#USSEAARE1"/>
		<periodStart><gMonth>--10</gMonth></periodStart>
		<periodEnd><gMonth>--12</gMonth></periodEnd>
		<information>
			<text>Most of the North Atlantic Right Whale population can be found in this area during this time</text>
			<language>eng</language>
		</information>
		<categoryOfAuthority>environmental</categoryOfAuthority>
	</MPA:NauticalInformation>
	<MPA:NauticalInformation gml:id="USNATINF3">
		<S100:inv_informationAssociation gml:id="USiaINV0010" xlink:href="#USSEAARE2"/>
		<periodStart><gMonth>--12</gMonth></periodStart>
		<periodEnd><gMonth>--05</gMonth></periodEnd>
		<information>
			<text>Most of the North Atlantic Right Whale population can be found in this area during this time</text>
			<language>eng</language>
		</information>
		<categoryOfAuthority>environmental</categoryOfAuthority>
	</MPA:NauticalInformation>
	<MPA:NauticalInformation gml:id="USNATINF4">
		<S100:inv_informationAssociation gml:id="USiaINV0011" xlink:href="#USSEAARE3"/>
		<periodStart><gMonth>--03</gMonth></periodStart>
		<periodEnd><gMonth>--07</gMonth></periodEnd>
		<information>
			<text>Most of the North Atlantic Right Whale population can be found in this area during this time</text>
			<language>eng</language>
		</information>
		<categoryOfAuthority>environmental</categoryOfAuthority>
	</MPA:NauticalInformation>
	<MPA:NauticalInformation gml:id="USNATINF5">
		<S100:inv_informationAssociation gml:id="USiaINV0012" xlink:href="#USSEAARE4"/>
		<periodStart><gMonth>--07</gMonth></periodStart>
		<periodEnd><gMonth>--10</gMonth></periodEnd>
		<information>
			<text>Most of the North Atlantic Right Whale population can be found in this area during this time</text>
			<language>eng</language>
		</information>
		<categoryOfAuthority>environmental</categoryOfAuthority>
	</MPA:NauticalInformation>
	<MPA:NauticalInformation gml:id="USNATINF6">
		<S100:inv_informationAssociation gml:id="USiaINV0013" xlink:href="#USSEAARE5"/>
		<periodStart><gMonth>--10</gMonth></periodStart>
		<periodEnd><gMonth>--12</gMonth></periodEnd>
		<information>
			<text>North Atlantic Right Whales are frequently sighted in this area</text>
			<language>eng</language>
		</information>
		<categoryOfAuthority>environmental</categoryOfAuthority>
	</MPA:NauticalInformation>
	<MPA:NauticalInformation gml:id="USNATINF7">
		<S100:inv_informationAssociation gml:id="USiaINV0014" xlink:href="#USSEAARE6"/>
		<information>
			<text>North Atlantic Right Whale Peak sightings occur in the early spring with infrequent sightings in the summer</text>
			<language>eng</language>
		</information>
		<categoryOfAuthority>environmental</categoryOfAuthority>
	</MPA:NauticalInformation>
	<MPA:NauticalInformation gml:id="USNATINF8">
		<S100:inv_informationAssociation gml:id="USiaINV0015" xlink:href="#USSEAARE7"/>
		<periodStart><gMonth>--11</gMonth></periodStart>
		<periodEnd><gMonth>--04</gMonth></periodEnd>
		<information>
			<text>North Atlantic Right Whale:  The migration corridor between right whale habitats is within 30 miles of the Atlantic coast</text>
			<language>eng</language>
		</information>
		<categoryOfAuthority>environmental</categoryOfAuthority>
	</MPA:NauticalInformation>
	<MPA:NauticalInformation gml:id="USNATINF9">
		<S100:inv_informationAssociation gml:id="USiaINV0016" xlink:href="#USSEAARE8"/>
		<periodStart><gMonth>--11</gMonth></periodStart>
		<periodEnd><gMonth>--04</gMonth></periodEnd>
		<information>
			<text>North Atlantic Right Whale: Calving right whales have been sighted as far north as Cape Fear, NC and as far south as Miami, FL with rare sightings in the Gulf of Mexico</text>
			<language>eng</language>
		</information>
		<categoryOfAuthority>environmental</categoryOfAuthority>
	</MPA:NauticalInformation>
	<MPA:NauticalInformation gml:id="USNATINF10">
		<S100:informationAssociation gml:id="USia0097" xlink:href="#USAUTORI1"/>
		<S100:inv_informationAssociation gml:id="USiaINV0055" xlink:href="#USSEAARE9"/>
		<periodStart><gMonthDay>--01-01</gMonthDay></periodStart>
		<periodEnd><gMonthDay>--07-31</gMonthDay></periodEnd>
		<categoryOfAuthority>environmental</categoryOfAuthority>
		<textContent>
			<categoryOfText>Abstract or summary</categoryOfText>
			<language>eng</language>
			<headline></headline>
			<text>As weather and conditions permit, dedicated seasonal programs of aerial and vessel surveys are conducted to provide whale sighting information to mariners. Survey planes occasionally use VHF-FM channel 16 to contact ships directly if whales have been spotted in close proximity to that vessel. However, many right whales go undetected by surveys. Seasonal right whale advisories and sighting reports are broadcast periodically for these and surrounding areas by Coast Guard Broadcast Notice to Mariners, NAVTEX, NOAA Weather Radio, Cape Cod Canal Vessel Traffic Control, the Bay of Fundy Vessel Traffic Control, and are included in the return message from the Right Whale Mandatory Ship Reporting (MSR) systems. General sighting information may be obtained by sending an e-mail to the responsible authority. </text>
		</textContent>
	</MPA:NauticalInformation>
	<MPA:NauticalInformation gml:id="USNATINF11">
		<S100:informationAssociation gml:id="USia0103" xlink:href="#USAUTORI2"/>
		<S100:inv_informationAssociation gml:id="USiaINV0058" xlink:href="#USSEAARE10"/>
		<periodStart><gMonthDay>--01-12</gMonthDay></periodStart>
		<periodEnd><gMonthDay>--03-31</gMonthDay></periodEnd>
		<categoryOfAuthority>environmental</categoryOfAuthority>
		<textContent>
			<categoryOfText>Abstract or summary</categoryOfText>
			<language>eng</language>
			<headline></headline>
			<text>As weather and conditions permit, dedicated seasonal programs of aerial and vessel surveys are conducted to provide whale sighting information to mariners. Survey planes occasionally use VHF-FM channel 16 to contact ships directly if whales have been spotted in close proximity to that vessel. However, many right whales go undetected by surveys. Seasonal right whale advisories and sighting reports are broadcast periodically for these and surrounding areas by Coast Guard Broadcast Notice to Mariners, NAVTEX, NOAA Weather Radio, Cape Cod Canal Vessel Traffic Control, the Bay of Fundy Vessel Traffic Control, and are included in the return message from the Right Whale Mandatory Ship Reporting (MSR) systems. General sighting information may be obtained by sending an e-mail to the responsible authority. </text>
		</textContent>
	</MPA:NauticalInformation>
	<MPA:NauticalInformation gml:id="USNATINF12">
		<S100:inv_informationAssociation gml:id="USiaINV0061" xlink:href="#USSEAARE10"/>
		<S100:inv_informationAssociation gml:id="USiaINV0062" xlink:href="#USSEAARE9"/>
		<S100:inv_informationAssociation gml:id="USiaINV0063" xlink:href="#USRESARE1"/>
		<S100:inv_informationAssociation gml:id="USiaINV0064" xlink:href="#USMPAARE6"/>
		<S100:inv_informationAssociation gml:id="USiaINV0065" xlink:href="#USMPAARE5"/>
		<S100:inv_informationAssociation gml:id="USiaINV0066" xlink:href="#USMPAARE4"/>
		<S100:inv_informationAssociation gml:id="USiaINV0067" xlink:href="#USMPAARE3"/>
		<S100:inv_informationAssociation gml:id="USiaINV0068" xlink:href="#USMPAARE2"/>
		<S100:inv_informationAssociation gml:id="USiaINV0069" xlink:href="#USMPAARE1"/>
		<S100:inv_informationAssociation gml:id="USiaINV0070" xlink:href="#USSEAARE8"/>
		<S100:inv_informationAssociation gml:id="USiaINV0071" xlink:href="#USSEAARE7"/>
		<S100:inv_informationAssociation gml:id="USiaINV0072" xlink:href="#USSEAARE6"/>
		<S100:inv_informationAssociation gml:id="USiaINV0073" xlink:href="#USSEAARE5"/>
		<S100:inv_informationAssociation gml:id="USiaINV0074" xlink:href="#USSEAARE4"/>
		<S100:inv_informationAssociation gml:id="USiaINV0075" xlink:href="#USSEAARE3"/>
		<S100:inv_informationAssociation gml:id="USiaINV0076" xlink:href="#USSEAARE2"/>
		<S100:inv_informationAssociation gml:id="USiaINV0077" xlink:href="#USSEAARE1"/>
		<sourceDate>2012-08-21</sourceDate>
		<sourceIndication>NOAA Fishery</sourceIndication>
		<textContent>
			<categoryOfText>Full text</categoryOfText>
			<headline>Precautions when transiting right whale habitat and areas of recently reported right whale sightings</headline>
			<fileName>USNARWPCTN.TXT</fileName>
		</textContent>
	</MPA:NauticalInformation>
	<MPA:Regulations gml:id="USREGLTS1">
		<S100:inv_informationAssociation gml:id="USiaINV0017" xlink:href="#USSEAARE1"/>
		<S100:inv_informationAssociation gml:id="USiaINV0018" xlink:href="#USSEAARE2"/>
		<S100:inv_informationAssociation gml:id="USiaINV0019" xlink:href="#USSEAARE3"/>
		<S100:inv_informationAssociation gml:id="USiaINV0020" xlink:href="#USSEAARE4"/>
		<S100:inv_informationAssociation gml:id="USiaINV0021" xlink:href="#USSEAARE5"/>
		<S100:inv_informationAssociation gml:id="USiaINV0022" xlink:href="#USSEAARE6"/>
		<S100:inv_informationAssociation gml:id="USiaINV0023" xlink:href="#USSEAARE7"/>
		<S100:inv_informationAssociation gml:id="USiaINV0024" xlink:href="#USSEAARE8"/>
		<sourceDate>2012-08-21</sourceDate>
		<sourceIndication>http://ecfr.gpoaccess.gov/cgi/t/text/text-idx?c=ecfr;sid=d122afc164aa82f0aa640a17d1544985;rgn=div8;view=text;node=50:9.0.1.3.10.0.13.4;idno=50</sourceIndication>
		<textContent>
			<categoryOfText>Full text</categoryOfText>
			<language>eng</language>
			<headline>Critical habitat for northern right whales</headline>
			<internetAddress>http://ecfr.gpoaccess.gov/cgi/t/text/text-idx?c=ecfr;sid=d122afc164aa82f0aa640a17d1544985;rgn=div8;view=text;node=50:9.0.1.3.10.0.13.4;idno=50</internetAddress>
		</textContent>
	</MPA:Regulations>
	<MPA:Regulations gml:id="USREGLTS2">
		<S100:inv_informationAssociation gml:id="USiaINV0025" xlink:href="#USSEAARE1"/>
		<S100:inv_informationAssociation gml:id="USiaINV0026" xlink:href="#USSEAARE2"/>
		<S100:inv_informationAssociation gml:id="USiaINV0027" xlink:href="#USSEAARE3"/>
		<S100:inv_informationAssociation gml:id="USiaINV0028" xlink:href="#USSEAARE4"/>
		<S100:inv_informationAssociation gml:id="USiaINV0029" xlink:href="#USSEAARE5"/>
		<S100:inv_informationAssociation gml:id="USiaINV0030" xlink:href="#USSEAARE6"/>
		<S100:inv_informationAssociation gml:id="USiaINV0031" xlink:href="#USSEAARE7"/>
		<S100:inv_informationAssociation gml:id="USiaINV0032" xlink:href="#USSEAARE8"/>
		<sourceDate>20120821</sourceDate>
		<sourceIndication>http://ecfr.gpoaccess.gov/cgi/t/text/text-idx?c=ecfr;sid=d122afc164aa82f0aa640a17d1544985;rgn=div5;view=text;node=50%3A9.0.1.3.8;idno=50;cc=ecfr#50:9.0.1.3.8.0.13.3</sourceIndication>
		<textContent>
			<categoryOfText>Full text</categoryOfText>
			<language>eng</language>
			<headline>Special prohibitions for endangered marine mammals.</headline>
			<internetAddress>http://ecfr.gpoaccess.gov/cgi/t/text/text-idx?c=ecfr;sid=d122afc164aa82f0aa640a17d1544985;rgn=div5;view=text;node=50%3A9.0.1.3.8;idno=50;cc=ecfr#50:9.0.1.3.8.0.13.3</internetAddress>
		</textContent>
	</MPA:Regulations>
	<MPA:Regulations gml:id="USREGLTS3">
		<S100:inv_informationAssociation gml:id="USiaINV0033" xlink:href="#USSEAARE1"/>
		<S100:inv_informationAssociation gml:id="USiaINV0034" xlink:href="#USSEAARE2"/>
		<S100:inv_informationAssociation gml:id="USiaINV0035" xlink:href="#USSEAARE3"/>
		<S100:inv_informationAssociation gml:id="USiaINV0036" xlink:href="#USSEAARE4"/>
		<S100:inv_informationAssociation gml:id="USiaINV0037" xlink:href="#USSEAARE5"/>
		<S100:inv_informationAssociation gml:id="USiaINV0038" xlink:href="#USSEAARE6"/>
		<S100:inv_informationAssociation gml:id="USiaINV0039" xlink:href="#USSEAARE7"/>
		<S100:inv_informationAssociation gml:id="USiaINV0040" xlink:href="#USSEAARE8"/>
		<textContent>
			<categoryOfText>Abstract or summary</categoryOfText>
			<language>eng</language>
			<headline>Approaching of North Atlantic Right Whales</headline>
			<text>Intentionally approaching within 500 yards of right whales is prohibited and is a violation of federal law.</text>
		</textContent>
	</MPA:Regulations>
	<MPA:Regulations gml:id="USREGLTS4">
		<S100:informationAssociation gml:id="USia0077" xlink:href="#USAPPLIC1"/>
		<S100:inv_informationAssociation gml:id="USiaINV0041" xlink:href="#USMPAARE1"/>
		<periodStart><gMonthDay>--01-01</gMonthDay></periodStart>
		<periodEnd><gMonthDay>--05-15</gMonthDay></periodEnd>
		<textContent>
			<categoryOfText>Abstract or summary</categoryOfText>
			<language>eng</language>
			<headline>Mandatory Speed Restrictions</headline>
			<text>10 knots or less</text>
		</textContent>
	</MPA:Regulations>
	<MPA:Regulations gml:id="USREGLTS5">
		<S100:informationAssociation gml:id="USia0079" xlink:href="#USAPPLIC1"/>
		<S100:inv_informationAssociation gml:id="USiaINV0042" xlink:href="#USMPAARE2"/>
		<periodStart><gMonthDay>--03-01</gMonthDay></periodStart>
		<periodEnd><gMonthDay>--04-30</gMonthDay></periodEnd>
		<textContent>
			<categoryOfText>Abstract or summary</categoryOfText>
			<language>eng</language>
			<headline>Mandatory Speed Restrictions</headline>
			<text>10 knots or less</text>
		</textContent>
	</MPA:Regulations>
	<MPA:Regulations gml:id="USREGLTS6">
		<S100:informationAssociation gml:id="USia0080" xlink:href="#USAPPLIC1"/>
		<S100:inv_informationAssociation gml:id="USiaINV0043" xlink:href="#USMPAARE3"/>
		<periodStart><gMonthDay>--04-01</gMonthDay></periodStart>
		<periodEnd><gMonthDay>--07-31</gMonthDay></periodEnd>
		<textContent>
			<categoryOfText>Abstract or summary</categoryOfText>
			<language>eng</language>
			<headline>Mandatory Speed Restrictions</headline>
			<text>10 knots or less</text>
		</textContent>
	</MPA:Regulations>
	<MPA:Regulations gml:id="USREGLTS7">
		<S100:informationAssociation gml:id="USia0081" xlink:href="#USAPPLIC1"/>
		<S100:inv_informationAssociation gml:id="USiaINV0044" xlink:href="#USMPAARE4"/>
		<periodStart><gMonthDay>--11-01</gMonthDay></periodStart>
		<periodEnd><gMonthDay>--04-30</gMonthDay></periodEnd>
		<textContent>
			<categoryOfText>Abstract or summary</categoryOfText>
			<language>eng</language>
			<headline>Mandatory Speed Restrictions</headline>
			<text>10 knots or less</text>
		</textContent>
	</MPA:Regulations>
	<MPA:Regulations gml:id="USREGLTS8">
		<S100:informationAssociation gml:id="USia0082" xlink:href="#USAPPLIC1"/>
		<S100:inv_informationAssociation gml:id="USiaINV0045" xlink:href="#USMPAARE5"/>
		<periodStart><gMonthDay>--11-15</gMonthDay></periodStart>
		<periodEnd><gMonthDay>--04-15</gMonthDay></periodEnd>
		<textContent>
			<categoryOfText>Abstract or summary</categoryOfText>
			<language>eng</language>
			<headline>Mandatory Speed Restrictions</headline>
			<text>10 knots or less</text>
		</textContent>
	</MPA:Regulations>
	<MPA:Regulations gml:id="USREGLTS9">
		<S100:informationAssociation gml:id="USia0083" xlink:href="#USAPPLIC1"/>
		<S100:inv_informationAssociation gml:id="USiaINV0051A" xlink:href="#USMPAARE1"/>
		<S100:inv_informationAssociation gml:id="USiaINV0051B" xlink:href="#USMPAARE2"/>
		<S100:inv_informationAssociation gml:id="USiaINV0051C" xlink:href="#USMPAARE3"/>
		<S100:inv_informationAssociation gml:id="USiaINV0051D" xlink:href="#USMPAARE4"/>
		<S100:inv_informationAssociation gml:id="USiaINV0051E" xlink:href="#USMPAARE5"/>
		<sourceDate>20120821</sourceDate>
		<sourceIndication>http://ecfr.gpoaccess.gov/cgi/t/text/text-idx?c=ecfr;sid=d122afc164aa82f0aa640a17d1544985;rgn=div5;view=text;node=50%3A9.0.1.3.8;idno=50;cc=ecfr#50:9.0.1.3.8.0.13.5</sourceIndication>
		<textContent>
			<categoryOfText>Full text</categoryOfText>
			<language>eng</language>
			<headline>Speed restrictions to protect North Atlantic Right Whales</headline>
			<internetAddress>http://ecfr.gpoaccess.gov/cgi/t/text/text-idx?c=ecfr;sid=d122afc164aa82f0aa640a17d1544985;rgn=div5;view=text;node=50%3A9.0.1.3.8;idno=50;cc=ecfr#50:9.0.1.3.8.0.13.5</internetAddress>
		</textContent>
	</MPA:Regulations>
	<MPA:Regulations gml:id="USREGLTS10">
		<S100:inv_informationAssociation gml:id="USiaINV0052" xlink:href="#USMPAARE6"/>
		<categoryOfAuthority>environmental</categoryOfAuthority>
		<textContent>
			<categoryOfText>Abstract or summary</categoryOfText>
			<language>eng</language>
			<headline>Mandatory Speed Restrictions</headline>
			<text>10 knots or less</text>
		</textContent>
	</MPA:Regulations>
	<MPA:Regulations gml:id="USREGLTS11">
		<S100:informationAssociation gml:id="USia0092" xlink:href="#USAPPLIC2"/>
		<S100:inv_informationAssociation gml:id="USiaINV0053" xlink:href="#USRESARE1"/>
		<periodStart><gMonthDay>--04-01</gMonthDay></periodStart>
		<periodEnd><gMonthDay>--07-31</gMonthDay></periodEnd>
		<textContent>
			<categoryOfText>Abstract or summary</categoryOfText>
			<headline>Passage instructions</headline>
			<text>Avoiding passage through this area</text>
		</textContent>
	</MPA:Regulations>
	<MPA:Regulations gml:id="USREGLTS12">
		<S100:inv_informationAssociation gml:id="USiaINV0098" xlink:href="#USMRNSRV1"/>
		<S100:inv_informationAssociation gml:id="USiaINV0099" xlink:href="#USMRNSRV2"/>
		<sourceDate>20120821</sourceDate>
		<sourceIndication>http://ecfr.gpoaccess.gov/cgi/t/text/text-idx?c=ecfr;sid=4786dea1fc17016f068519b31fd893e2;rgn=div5;view=text;node=33:2.0.1.6.38;idno=33</sourceIndication>
		<textContent>
			<categoryOfText>Full text</categoryOfText>
			<language>eng</language>
			<headline>Mandatory Ship Reporting Systems (MSR) WHALESNORTH and WHALESSOUTH</headline>
			<internetAddress>http://ecfr.gpoaccess.gov/cgi/t/text/text-idx?c=ecfr;sid=4786dea1fc17016f068519b31fd893e2;rgn=div5;view=text;node=33:2.0.1.6.38;idno=33</internetAddress>
			<!--<fileLocator>Chapter 2</fileLocator>-->
		</textContent>
	</MPA:Regulations>
	<MPA:Regulations gml:id="USREGLTS13">
		<S100:inv_informationAssociation gml:id="USiaINV0100" xlink:href="#USMRNSRV1"/>
		<S100:inv_informationAssociation gml:id="USiaINV0101" xlink:href="#USMRNSRV2"/>
		<sourceDate>20120821</sourceDate>
		<sourceIndication>http://ecfr.gpoaccess.gov/cgi/t/text/text-idx?c=ecfr;sid=4786dea1fc17016f068519b31fd893e2;rgn=div5;view=text;node=33:2.0.1.6.38;idno=33#33:2.0.1.6.38.2.209.3</sourceIndication>
		<textContent>
			<categoryOfText>Full text</categoryOfText>
			<language>eng</language>
			<headline>Limits of Northeastern reporting system</headline>
			<internetAddress>http://ecfr.gpoaccess.gov/cgi/t/text/text-idx?c=ecfr;sid=4786dea1fc17016f068519b31fd893e2;rgn=div5;view=text;node=33:2.0.1.6.38;idno=33#33:2.0.1.6.38.2.209.3</internetAddress>
			<!--<fileLocator>Chapter 2</fileLocator>-->
		</textContent>
	</MPA:Regulations>
	<MPA:Regulations gml:id="USREGLTS14">
		<S100:inv_informationAssociation gml:id="USiaINV0102" xlink:href="#USMRNSRV1"/>
		<S100:inv_informationAssociation gml:id="USiaINV0103" xlink:href="#USMRNSRV2"/>
		<sourceDate>20120821</sourceDate>
		<sourceIndication>http://ecfr.gpoaccess.gov/cgi/t/text/text-idx?c=ecfr;sid=4786dea1fc17016f068519b31fd893e2;rgn=div5;view=text;node=33:2.0.1.6.38;idno=33#33:2.0.1.6.38.2.209.5</sourceIndication>
		<textContent>
			<categoryOfText>Full text</categoryOfText>
			<language>eng</language>
			<headline>Limits of Southeastern reporting system</headline>
			<internetAddress>http://ecfr.gpoaccess.gov/cgi/t/text/text-idx?c=ecfr;sid=4786dea1fc17016f068519b31fd893e2;rgn=div5;view=text;node=33:2.0.1.6.38;idno=33#33:2.0.1.6.38.2.209.5</internetAddress>
			<!--<fileLocator>Chapter 2</fileLocator>-->
		</textContent>
	</MPA:Regulations>
	<MPA:Regulations gml:id="USREGLTS15">
		<S100:inv_informationAssociation gml:id="USiaINV0104" xlink:href="#USMRNSRV1"/>
		<S100:inv_informationAssociation gml:id="USiaINV0105" xlink:href="#USMRNSRV2"/>
		<sourceDate>20120821</sourceDate>
		<sourceIndication>http://ecfr.gpoaccess.gov/cgi/t/text/text-idx?c=ecfr;sid=4786dea1fc17016f068519b31fd893e2;rgn=div5;view=text;node=33:2.0.1.6.38;idno=33#33:2.0.1.6.38.2.209.9</sourceIndication>
		<textContent>
			<categoryOfText>Full text</categoryOfText>
			<language>eng</language>
			<headline>How must reports be made?</headline>
			<internetAddress>http://ecfr.gpoaccess.gov/cgi/t/text/text-idx?c=ecfr;sid=4786dea1fc17016f068519b31fd893e2;rgn=div5;view=text;node=33:2.0.1.6.38;idno=33#33:2.0.1.6.38.2.209.9</internetAddress>
		</textContent>
	</MPA:Regulations>
	<MPA:Regulations gml:id="USREGLTS16">
		<S100:inv_informationAssociation gml:id="USiaINV0106" xlink:href="#USMRNSRV1"/>
		<S100:inv_informationAssociation gml:id="USiaINV0107" xlink:href="#USMRNSRV2"/>
		<sourceDate>20120821</sourceDate>
		<sourceIndication>http://ecfr.gpoaccess.gov/cgi/t/text/text-idx?c=ecfr;sid=4786dea1fc17016f068519b31fd893e2;rgn=div5;view=text;node=33:2.0.1.6.38;idno=33#33:2.0.1.6.38.2.209.9
		</sourceIndication>
		<textContent>
			<categoryOfText>Full text</categoryOfText>
			<language>eng</language>
			<headline>What information must be included in the report?</headline>
			<internetAddress>http://ecfr.gpoaccess.gov/cgi/t/text/text-idx?c=ecfr;sid=4786dea1fc17016f068519b31fd893e2;rgn=div5;view=text;node=33:2.0.1.6.38;idno=33#33:2.0.1.6.38.2.209.9</internetAddress>
		</textContent></MPA:Regulations>
	<MPA:Regulations gml:id="USREGLTS17">
		<S100:inv_informationAssociation gml:id="USiaINV0108" xlink:href="#USMRNSRV1"/>
		<S100:inv_informationAssociation gml:id="USiaINV0109" xlink:href="#USMRNSRV2"/>
		<sourceDate>20120821</sourceDate>
		<sourceIndication>NOAA</sourceIndication>
		<textContent>
			<categoryOfText>Full text</categoryOfText>
			<headline>What to do if only VHF is available?</headline>
			<text>Vessels equipped only with VHFFM voice communications should submit reports to the nearest U.S. Coast Guard Sector.</text>
		</textContent>
	</MPA:Regulations>
	<MPA:Regulations gml:id="USREGLTS18">
		<S100:inv_informationAssociation gml:id="USiaINV0110" xlink:href="#USMRNSRV1"/>
		<S100:inv_informationAssociation gml:id="USiaINV0111" xlink:href="#USMRNSRV2"/>
		<sourceDate>20120821</sourceDate>
		<sourceIndication>NOAA</sourceIndication>
		<textContent>
			<categoryOfText>Full text</categoryOfText>
			<headline>What to do if a return message on right whale sighting is missing?</headline>
			<text>Failure to receive a timely return message from the MSR system that provides locations of recent right whale sightings and precautionary guidance should be reported to the local Coast Guard Sector Office.</text>
		</textContent>
	</MPA:Regulations>
	<MPA:Recommendations gml:id="USRCMDTS1">
		<S100:inv_informationAssociation gml:id="USiaINV0078" xlink:href="#USSEAARE11"/>
		<S100:inv_informationAssociation gml:id="USiaINV0079" xlink:href="#USSEAARE12"/>
		<categoryOfAuthority>environmental</categoryOfAuthority>
		<textContent>
			<categoryOfText>Full text</categoryOfText>
			<language>eng</language>
			<headline>Early Warning and Sighting Advisory Systems</headline>
			<text>Any whale accidentally struck, dead whale carcass, and sighting of an injured or entangled whale should be reported immediately to the Coast Guard or NOAA National Marine Fisheries Service noting the precise location, date, and time of the accident or sighting.</text>
		</textContent>
	</MPA:Recommendations>
	<MPA:ShipReport gml:id="USSHPREP1">
		<S100:inv_informationAssociation gml:id="USiaINV0087" xlink:href="#USAUTORI3"/>
		<S100:inv_informationAssociation gml:id="USiaINV0088" xlink:href="#USAUTORI4"/>
		<S100:inv_informationAssociation gml:id="USiaINV0089" xlink:href="#USAUTORI5"/>
		<textualDescription>
			<fileName>USNARWREPT.TXT</fileName>
			<language>eng</language>
		</textualDescription>
		<categoryOfShipReport>any other report</categoryOfShipReport>
		<imoFormatForReporting>false</imoFormatForReporting>
	</MPA:ShipReport>
	<MPA:ShipReport gml:id="USSHPREP2">
		<S100:inv_informationAssociation gml:id="USiaINV0112" xlink:href="#USMRNSRV1"/>
		<categoryOfShipReport>sailing plan</categoryOfShipReport>
		<imoFormatForReporting>true</imoFormatForReporting>
	</MPA:ShipReport>
	<MPA:ShipReport gml:id="USSHPREP3">
		<S100:inv_informationAssociation gml:id="USiaINV0113" xlink:href="#USMRNSRV2"/>
		<categoryOfShipReport>sailing plan</categoryOfShipReport>
		<imoFormatForReporting>true</imoFormatForReporting>
	</MPA:ShipReport>
	<MPA:Applicability gml:id="USAPPLIC1">
		<S100:inv_informationAssociation gml:id="USiaINV0046" xlink:href="#USREGLTS4"/>
		<S100:inv_informationAssociation gml:id="USiaINV0047" xlink:href="#USREGLTS5"/>
		<S100:inv_informationAssociation gml:id="USiaINV0048" xlink:href="#USREGLTS6"/>
		<S100:inv_informationAssociation gml:id="USiaINV0049" xlink:href="#USREGLTS7"/>
		<S100:inv_informationAssociation gml:id="USiaINV0050" xlink:href="#USREGLTS8"/>
		<S100:inv_informationAssociation gml:id="USiaINV0051" xlink:href="#USREGLTS9"/>
		<vesselsMeasurements>
			<vesselsCharacteristics>length overall</vesselsCharacteristics>
			<vesselsCharacteristicsValue>65</vesselsCharacteristicsValue>
			<vesselsCharacteristicsUnit>foot</vesselsCharacteristicsUnit>
			<comparisonOperator>greater than or equal to</comparisonOperator>
		</vesselsMeasurements>
	</MPA:Applicability>
	<MPA:Applicability gml:id="USAPPLIC2">
		<S100:inv_informationAssociation gml:id="USiaINV0054" xlink:href="#USREGLTS11"/>
		<vesselsMeasurements>
			<vesselsCharacteristics>gross tonnage</vesselsCharacteristics>
			<vesselsCharacteristicsValue>300</vesselsCharacteristicsValue>
			<vesselsCharacteristicsUnit>gross ton</vesselsCharacteristicsUnit>
			<comparisonOperator>greater than or equal to</comparisonOperator>
		</vesselsMeasurements>
	</MPA:Applicability>
	<MPA:Applicability gml:id="USAPPLIC3">
		<S100:inv_informationAssociation gml:id="USiaINV0090" xlink:href="#USMRNSRV1"/>
		<S100:inv_informationAssociation gml:id="USiaINV0091" xlink:href="#USMRNSRV2"/>
		<vesselsMeasurements>
			<vesselsCharacteristics>gross tonnage</vesselsCharacteristics>
			<vesselsCharacteristicsValue>300</vesselsCharacteristicsValue>
			<vesselsCharacteristicsUnit>gross ton</vesselsCharacteristicsUnit>
			<comparisonOperator>greater than or equal to</comparisonOperator>
		</vesselsMeasurements>
	</MPA:Applicability>
	<MPA:Applicability gml:id="USAPPLIC4">
		<S100:inv_informationAssociation gml:id="USiaINV0092" xlink:href="#USMRNSRV1"/>
		<S100:inv_informationAssociation gml:id="USiaINV0093" xlink:href="#USMRNSRV2"/>
		<categoryOfVessel>warship</categoryOfVessel>
	</MPA:Applicability>
	
	<!-- Data quality -->
	<MPA:QualityOfNPInformation gml:id="USQUANPI01">
			<gml:Surface gml:id="SURFACE001">
				<gml:patches>
					<gml:PolygonPatch><gml:exterior><gml:LinearRing>
						<gml:posList>-83.0 24.0 -75.0 24.0 -75.0 28.0 -62.0 40.0 -62.0 46.5 -78.5 46.5 -83.0 36.0 -83.0 24.0</gml:posList>
					</gml:LinearRing></gml:exterior></gml:PolygonPatch>
				</gml:patches>
			</gml:Surface>
		<positionalUncertainty>
			<uncertaintyFixed>0.5</uncertaintyFixed>
			<uncertaintyVariable>1.0</uncertaintyVariable>
		</positionalUncertainty>
		<hierarchyLevel>dataset</hierarchyLevel>
		<sourceIndication>
			<sourceDate>2012-08-31</sourceDate>
			<country>United States of America</country>
			<source>NOAA</source>
			<idCode>unknown</idCode>
			<sourceType>non-ENC</sourceType>
			<categoryOfAuthority>environmental</categoryOfAuthority>
		</sourceIndication>
	</MPA:QualityOfNPInformation>
</MPA:DataSet>
