<?xml version="1.0" encoding="UTF-8"?>
<?altova_sps ..\..\schemas\0.2\MPAdataentry.sps?>
<MPA:DataSet xmlns:MPA="http://www.iho.int/s100_mpa/0.1"
	xsi:schemaLocation="http://www.iho.int/s100_mpa/0.1 ../../schemas/0.2/mpaDS.xsd" xmlns:xsi="http://www.w3.org/2001/XMLSchema-instance"
	xmlns:gml="http://www.opengis.net/gml/3.2"
	xmlns:S100="http://www.iho.int/MPA/S100/0.1"
	
	xmlns:xlink="http://www.w3.org/1999/xlink">

	<MPA:MarineProtectedArea gml:id="USMPAARESTWBANK3">
		<S100:informationAssociation gml:id="USSTWBANK3ia1" xlink:href="#USSTWBANK3AUTORI1"/>
		<S100:informationAssociation gml:id="USSTWBANK3ia2" xlink:href="#USSTWBANK3REGLTS1"/>
		<S100:informationAssociation gml:id="USSTWBANK3ia3" xlink:href="#USSTWBANK3REGLTS2"/>
		<S100:informationAssociation gml:id="USSTWBANK3ia4" xlink:href="#USSTWBANK3REGLTS3"/>
		<S100:informationAssociation gml:id="USSTWBANK3ia6" xlink:href="#USSTWBANK3NATINF1"/>
		<S100:informationAssociation gml:id="USSTWBANK3ia7" xlink:href="#USSTWBANK3NATINF2"/>
		<name>
			<text>Stellwagen Bank National Marine Sanctuary</text>
			<language>eng</language>
			<categoryOfName>official name</categoryOfName>
		</name>
		<sourceIndication>http://www.protectedplanet.net/sites/Zone_Within_Stellwagen_Bank_National_Marine_Sanctuary_National_Marine_Sanctuary</sourceIndication>
		<categoryOfIUCN>category IV</categoryOfIUCN>
		<jurisdiction>national</jurisdiction>
		<gml:Surface gml:id="USSTWBANK3s00001">
			<gml:patches><gml:PolygonPatch>
				<gml:exterior>
					<gml:LinearRing>
						<gml:posList>-70.2172	42.7666
							-70.0356	42.0932
							-70.0549	42.1023
							-70.0676	42.1007
							-70.0871	42.1174
							-70.1066	42.1203
							-70.1244	42.1267
							-70.1406	42.1284
							-70.1555	42.1333
							-70.1735	42.1347
							-70.1966	42.1320
							-70.2176	42.1333
							-70.2394	42.1296
							-70.2564	42.1243
							-70.2785	42.1152
							-70.4710	42.1291
							-70.5979	42.5482
							-70.5875	42.5584
							-70.5844	42.5634
							-70.5731	42.5751
							-70.5561	42.5807
							-70.5423	42.5878
							-70.5290	42.5950
							-70.5164	42.6064
							-70.5064	42.6210
							-70.5018	42.6330
							-70.5018	42.6424
							-70.5031	42.6511
							-70.2172	42.7666</gml:posList><!-- review closure of polygon -->
					</gml:LinearRing>
				</gml:exterior>
			</gml:PolygonPatch></gml:patches>
		</gml:Surface>
	</MPA:MarineProtectedArea>
	
	<MPA:Authority gml:id="USSTWBANK3AUTORI1">
		<S100:informationAssociation gml:id="USSTWBANK3ia5" xlink:href="#USSTWBANK3CONDET1"/>
		<S100:inv_informationAssociation gml:id="USSTWBANK3ia1INV" xlink:href="#USMPAARESTWBANK3"/>
		<name>
			<text>Office of Ocean and Coastal Resource Management</text>
			<language>eng</language>
			<categoryOfName>official name</categoryOfName>
		</name>
	</MPA:Authority>
	
	<MPA:ContactDetails gml:id="USSTWBANK3CONDET1">
		<S100:informationAssociation gml:id="USSTWBANK3ia5INV" xlink:href="#USSTWBANK3AUTORI1"/>
		<deliveryPoint>14 Union Street, Plymouth, MA 02360 ; ATTN: Manager, Stellwagen Bank National Marine Sanctuary</deliveryPoint>
	</MPA:ContactDetails>

	<MPA:NauticalInformation gml:id="USSTWBANK3NATINF1">
		<S100:inv_informationAssociation gml:id="USSTWBANK3ia6INV" xlink:href="#USMPAARESTWBANK3"/>
		<textContent>
			<categoryOfText>Extract</categoryOfText>
			<language>eng</language>
			<headline>Definition of Traditional Fishing</headline>
			<text>Commercial or recreational fishing methods which have been conducted in the past within the Sanctuary</text>
		</textContent>
	</MPA:NauticalInformation>
	<MPA:NauticalInformation gml:id="USSTWBANK3NATINF2">
		<S100:inv_informationAssociation gml:id="USSTWBANK3ia7INV" xlink:href="#USMPAARESTWBANK3"/>
		<textContent>
			<categoryOfText>Extract</categoryOfText>
			<language>eng</language>
			<headline>Definition of Industrial material</headline>
			<text>Mineral means clay, stone, sand, gravel, metalliferous ore, non-metalliferous ore, or any other solid material or other matter of commercial value.</text>
		</textContent>
	</MPA:NauticalInformation>
	
	
	<MPA:Regulations gml:id="USSTWBANK3REGLTS1">
		<S100:inv_informationAssociation gml:id="USSTWBANK3ia2INV" xlink:href="#USMPAARESTWBANK3"/>
		<sourceIndication>15 CFR 922</sourceIndication>
		<textContent>
			<categoryOfText>Full text</categoryOfText>
			<language>eng</language>
			<headline>Applied Rules and Regulations</headline>
			<fileName>US15CFR922.doc</fileName>
			<!--<fileLocator>Chapter_2</fileLocator>-->
		</textContent>
	</MPA:Regulations>
	
	<MPA:Regulations gml:id="USSTWBANK3REGLTS2">
		<S100:inv_informationAssociation gml:id="USSTWBANK3ia3INV" xlink:href="#USMPAARESTWBANK3"/>
		<sourceDate>20120822</sourceDate>
		<sourceIndication>http://ecfr.gpoaccess.gov/cgi/t/text/text-idx?c=ecfr;sid=876edba64429e5edd9c33bc268c06248;rgn=div8;view=text;node=15:3.1.2.2.11.14.17.3;idno=15</sourceIndication>
		<textContent>
			<categoryOfText>Full text</categoryOfText>
			<language>eng</language>
			<headline>Prohibited or otherwise regulated activities</headline>
			<text>(a) Except as specified in paragraphs (b) through (f) of this section, the following activities are prohibited and thus are unlawful for any person to conduct or to cause to be conducted:
				(1)(i) Discharging or depositing, from within the boundary of the Sanctuary, any material or other matter except:
				(A) Fish, fish parts, chumming materials or bait used in or resulting from traditional fishing operations in the Sanctuary;
				(B) Biodegradable effluent incidental to vessel use and generated by marine sanitation devices approved in accordance with section 312 of the Federal Water Pollution Control Act, as amended, (FWPCA), 33 U.S.C. 1322 et seq.;
				(C) Water generated by routine vessel operations (e.g., cooling water, deck wash down and graywater as defined by section 312 of the FWPCA) excluding oily wastes from bilge pumping; or
				(D) Engine exhaust.
				(ii) Discharging or depositing, from beyond the boundary of the Sanctuary, any material or other matter, except those listed in paragraphs (a)(1)(i) (A) through (D) of this section, that subsequently enters the Sanctuary and injures a Sanctuary resource or quality.
				(2) Exploring for, developing or producing industrial materials within the Sanctuary.
				(3) Drilling into, dredging or otherwise altering the seabed of the Sanctuary; or constructing, placing or abandoning any structure, material or other matter on the seabed of the Sanctuary, except as an incidental result of:
				(i) Anchoring vessels;
				(ii) Traditional fishing operations; or
				(iii) Installation of navigation aids.
				(4) Moving, removing or injuring, or attempting to move, remove or injure, a Sanctuary historical resource. This prohibition does not apply to moving, removing or injury resulting incidentally from traditional fishing operations.
				(5) Taking any marine reptile, marine mammal or seabird in or above the Sanctuary, except as permitted by the Marine Mammal Protection Act, as amended, (MMPA), 16 U.S.C. 1361 et seq., the Endangered Species Act, as amended, (ESA), 16 U.S.C. 1531 et seq., and the Migratory Bird Treaty Act, as amended, (MBTA), 16 U.S.C. 703 et seq. 
				(6) Lightering in the Sanctuary.
				(7) Possessing within the Sanctuary (regardless of where taken, moved or removed from), except as necessary for valid law enforcement purposes, any historical resource, or any marine mammal, marine reptile or seabird taken in violation of the MMPA, ESA or MBTA.
				(8) Interfering with, obstructing, delaying or preventing an investigation, search, seizure or disposition of seized property in connection with enforcement of the Act or any regulation or permit issued under the Act.
				(b) The prohibitions in paragraphs (a) (1), and (3) through (8) of this section do not apply to any activity necessary to respond to an emergency threatening life, property or the environment.
				(c)(1)(i) All Department of Defense military activities shall be carried out in a manner that avoids to the maximum extent practicable any adverse impacts on Sanctuary resources and qualities.
				(ii) Department of Defense military activities may be exempted from the prohibitions in paragraphs (a) (1) and (3) through (7) of this section by the Director after consultation between the Director and the Department of Defense.
				(iii) If it is determined that an activity may be carried out, such activity shall be carried out in a manner that avoids to the maximum extent practicable any advance impact on Sanctuary resources and qualities. Civil engineering and other civil works projects conducted by the U.S. Army Corps of Engineers are excluded from the scope of this paragraph(c).
				(2) In the event of threatened or actual destruction of, loss of, or injury to a Sanctuary resource or quality resulting from an untoward incident, including but not limited to spills and groundings caused by the Department of Defense, the Department of Defense shall promptly coordinate with the Director for the purpose of taking appropriate actions to respond to and mitigate the harm and, if possible, restore or replace the Sanctuary resource or quality.
				(d) The prohibitions in paragraphs (a) (1) and (3) through (7) of this section do not apply to any activity executed in accordance with the scope, purpose, terms and conditions of a National Marine Sanctuary permit issued pursuant to §922.48 and §922.143 or a Special Use permit issued pursuant to section 310 of the Act.
				(e) The prohibitions in paragraphs (a) (1) and (3) through (7) of this section do not apply any activity authorized by any lease, permit, license, approval or other authorization issued after the effective date of Sanctuary designation (November 4, 1992) and issued by any Federal, State or local authority of competent jurisdiction, provided that the applicant complies with §922.49, the Director notifies the applicant and authorizing agency that he or she does not object to issuance of the authorization, and the applicant complies with any terms and conditions the Director deems necessary to protect Sanctuary resources and qualities. Amendments, renewals and extensions of authorizations in existence on the effective date of designation constitute authorizations issued after the effective date.
				(f) Notwithstanding paragraphs (d) and (e) of this section, in no event may the Director issue a permit under §922.48 and §922.143, or under section 310 of the act, authorizing, or otherwise approving, the exploration for, development or production of industrial materials within the Sanctuary, or the disposal of dredged materials within the Sanctuary (except by a certification, pursuant to §922.47, of valid authorizations in existence on November 4, 1992) and any leases, licenses, permits, approvals or other authorizations authorizing the exploration for, development or production of industrial materials in the Sanctuary issued by other authorities after November 4, 1992, shall be invalid.
			</text>
		</textContent>
	</MPA:Regulations>
	<MPA:Regulations gml:id="USSTWBANK3REGLTS3">
		<S100:inv_informationAssociation gml:id="USSTWBANK3ia4INV" xlink:href="#USMPAARESTWBANK3"/>
		<sourceIndication>http://ecfr.gpoaccess.gov/cgi/t/text/text-idx?c=ecfr;sid=81f70373adc79a17faf293c38fa50c0f;rgn=div8;view=text;node=15%3A3.1.2.2.11.14.17.4;idno=15;cc=ecfr
		</sourceIndication>
		<textContent>
			<categoryOfText>Full text</categoryOfText>
			<language>eng</language>
			<headline>Permit procedures and details</headline>
			<text>(a) A person may conduct an activity prohibited by §922.142(a) (1) and (3) through (7) if conducted in accordance with scope, purpose, manner, terms and conditions of a permit issued under this section and §922.48.
				(b) Applications for such permits should be addressed to the Director, Office of Ocean and Coastal Resource Management; ATTN: Manager, Stellwagen Bank National Marine Sanctuary, 14 Union Street, Plymouth, MA 02360.
				(c) The Director, at his or her discretion may issue a permit, subject to such terms and conditions as he or she deems appropriate, to conduct an activity prohibited by §922.142(a) (1) and (3) through (7), if the Director finds that the activity will have only negligible short-term adverse effects on Sanctuary resources and qualities and will: further research related to Sanctuary resources and qualities; further the educational, natural or historical resource value of the Sanctuary; further salvage or recovery operations in or near the Sanctuary in connection with a recent air or marine casualty; or assist in managing the Sanctuary. In deciding whether to issue a permit, the Director may consider such factors as: the professional qualifications and financial ability of the applicant as related to the proposed activity; the duration of the activity and the duration of its effects; the appropriateness of the methods and procedures proposed by the applicant for the conduct of the activity; the extent to which the conduct of the activity may diminish or enhance Sanctuary resources and qualities; the cumulative effects of the activity; and the end value of the activity. In addition, the Director may consider such other factors as he or she deems appropriate.
				(d) It shall be a condition of any permit issued that the permit or a copy thereof be displayed on board all vessels or aircraft used in the conduct of the activity.
				(e) The Director may, inter alia, make it a condition of any permit issued that any data or information obtained under the permit be made available to the public.
				(f) The Director may, inter alia, make it a condition of any permit issued that a NOAA official be allowed to observe any activity conducted under the permit and/or that the permit holder submit one or more reports on the status, progress or results of any activity authorized by the permit.
			</text>
		</textContent>
	</MPA:Regulations>

	
	<!-- Data quality feature placeholder -->

</MPA:DataSet>
