<?xml version="1.0" encoding="UTF-8"?>
<?altova_sps ..\..\schemas\0.2\MPAdataentry.sps?>
<MPA:DataSet xmlns:MPA="http://www.iho.int/s100_mpa/0.1"
	xsi:schemaLocation="http://www.iho.int/s100_mpa/0.1 ../../schemas/0.2/mpaDS.xsd" xmlns:xsi="http://www.w3.org/2001/XMLSchema-instance"
	xmlns:gml="http://www.opengis.net/gml/3.2"
	xmlns:S100="http://www.iho.int/MPA/S100/0.1"
	
	xmlns:xlink="http://www.w3.org/1999/xlink">

	<MPA:MarineProtectedArea gml:id="USMPAARESTWBANK1">
		<S100:informationAssociation gml:id="USSTWBANK1ia1" xlink:href="#USSTWBANK1AUTORI1"/>
		<S100:informationAssociation gml:id="USSTWBANK1ia2" xlink:href="#USSTWBANK1REGLTS1"/>
		<S100:informationAssociation gml:id="USSTWBANK1ia3" xlink:href="#USSTWBANK1REGLTS2"/>
		<S100:informationAssociation gml:id="USSTWBANK1ia4" xlink:href="#USSTWBANK1REGLTS3"/>
		<S100:informationAssociation gml:id="USSTWBANK1ia6" xlink:href="#USSTWBANK1NATINF1"/>
		<S100:informationAssociation gml:id="USSTWBANK1ia7" xlink:href="#USSTWBANK1NATINF2"/>
		<name>
			<text>Stellwagen Bank National Marine Sanctuary</text>
			<language>eng</language>
			<categoryOfName>official name</categoryOfName>
		</name>
		<sourceIndication>http://www.protectedplanet.net/sites/Zone_Within_Stellwagen_Bank_National_Marine_Sanctuary_National_Marine_Sanctuary</sourceIndication>
		<categoryOfIUCN>category IV</categoryOfIUCN>
		<jurisdiction>national</jurisdiction>
		<gml:Surface gml:id="USSTWBANK1s00001">
			<gml:patches><gml:PolygonPatch>
				<gml:exterior>
					<gml:LinearRing>
						<gml:posList>-70.2172	42.7666
							-70.0356	42.0932
							-70.0549	42.1023
							-70.0676	42.1007
							-70.0871	42.1174
							-70.1066	42.1203
							-70.1244	42.1267
							-70.1406	42.1284
							-70.1555	42.1333
							-70.1735	42.1347
							-70.1966	42.1320
							-70.2176	42.1333
							-70.2394	42.1296
							-70.2564	42.1243
							-70.2785	42.1152
							-70.4710	42.1291
							-70.5979	42.5482
							-70.5875	42.5584
							-70.5844	42.5634
							-70.5731	42.5751
							-70.5561	42.5807
							-70.5423	42.5878
							-70.5290	42.5950
							-70.5164	42.6064
							-70.5064	42.6210
							-70.5018	42.6330
							-70.5018	42.6424
							-70.5031	42.6511
							-70.2172	42.7666</gml:posList><!-- review closure of polygon -->
					</gml:LinearRing>
				</gml:exterior>
			</gml:PolygonPatch></gml:patches>
		</gml:Surface>
	</MPA:MarineProtectedArea>
	
	<MPA:Authority gml:id="USSTWBANK1AUTORI1">
		<S100:informationAssociation gml:id="USSTWBANK1ia5" xlink:href="#USSTWBANK1CONDET1"/>
		<S100:inv_informationAssociation gml:id="USSTWBANK1ia1INV" xlink:href="#USMPAARESTWBANK1"/>
		<name>
			<text>Office of Ocean and Coastal Resource Management</text>
			<language>eng</language>
			<categoryOfName>official name</categoryOfName>
		</name>
	</MPA:Authority>
	
	<MPA:ContactDetails gml:id="USSTWBANK1CONDET1">
		<S100:informationAssociation gml:id="USSTWBANK1ia5INV" xlink:href="#USSTWBANK1AUTORI1"/>
		<deliveryPoint>14 Union Street, Plymouth, MA 02360 ; ATTN: Manager, Stellwagen Bank National Marine Sanctuary</deliveryPoint>
	</MPA:ContactDetails>

	<MPA:NauticalInformation gml:id="USSTWBANK1NATINF1">
		<S100:inv_informationAssociation gml:id="USSTWBANK1ia6INV" xlink:href="#USMPAARESTWBANK1"/>
		<textContent>
			<categoryOfText>Extract</categoryOfText>
			<language>eng</language>
			<headline>Definition of Traditional Fishing</headline>
			<text>Commercial or recreational fishing methods which have been conducted in the past within the Sanctuary</text>
		</textContent>
	</MPA:NauticalInformation>
	<MPA:NauticalInformation gml:id="USSTWBANK1NATINF2">
		<S100:inv_informationAssociation gml:id="USSTWBANK1ia7INV" xlink:href="#USMPAARESTWBANK1"/>
		<textContent>
			<categoryOfText>Extract</categoryOfText>
			<language>eng</language>
			<headline>Definition of Industrial material</headline>
			<text>Mineral means clay, stone, sand, gravel, metalliferous ore, non-metalliferous ore, or any other solid material or other matter of commercial value.</text>
		</textContent>
	</MPA:NauticalInformation>
	
	<MPA:Regulations gml:id="USSTWBANK1REGLTS1">
		<S100:inv_informationAssociation gml:id="USSTWBANK1ia2INV" xlink:href="#USMPAARESTWBANK1"/>
		<sourceIndication>15 CFR 922</sourceIndication>
		<textContent>
			<categoryOfText>Full text</categoryOfText>
			<language>eng</language>
			<headline>Applied Rules and Regulations</headline>
			<fileName>US15CFR922.doc</fileName>
			<!--<fileLocator>Chapter_2</fileLocator>-->
		</textContent>
	</MPA:Regulations>
	
	<MPA:Regulations gml:id="USSTWBANK1REGLTS2">
		<S100:inv_informationAssociation gml:id="USSTWBANK1ia3INV" xlink:href="#USMPAARESTWBANK1"/>
		<sourceDate>20120822</sourceDate>
		<sourceIndication>http://ecfr.gpoaccess.gov/cgi/t/text/text-idx?c=ecfr;sid=876edba64429e5edd9c33bc268c06248;rgn=div8;view=text;node=15:3.1.2.2.11.14.17.3;idno=15</sourceIndication>
		<textContent>
			<categoryOfText>Full text</categoryOfText>
			<language>eng</language>
			<headline>Prohibited or otherwise regulated activities</headline>
			<fileName>CFR922_142.docx</fileName>
		</textContent>
	</MPA:Regulations>
	<MPA:Regulations gml:id="USSTWBANK1REGLTS3">
		<S100:inv_informationAssociation gml:id="USSTWBANK1ia4INV" xlink:href="#USMPAARESTWBANK1"/>
		<sourceIndication>http://ecfr.gpoaccess.gov/cgi/t/text/text-idx?c=ecfr;sid=81f70373adc79a17faf293c38fa50c0f;rgn=div8;view=text;node=15%3A3.1.2.2.11.14.17.4;idno=15;cc=ecfr
		</sourceIndication>
		<textContent>
			<categoryOfText>Full text</categoryOfText>
			<language>eng</language>
			<headline>Permit procedures and details</headline>
			<fileName>CFR922_143.docx</fileName>
		</textContent>
	</MPA:Regulations>

	
	<!-- Data quality feature placeholder -->

</MPA:DataSet>
