<?xml version="1.0" encoding="UTF-8"?>
<S100MD:S100_ExchangeCatalogue xmlns:xlink="http://www.w3.org/1999/xlink"
 xmlns:gml="http://www.opengis.net/gml/3.2"
 xmlns:gco="http://www.isotc211.org/2005/gco"
 xmlns:gmx="http://www.isotc211.org/2005/gmx"
 xmlns:gmd="http://www.isotc211.org/2005/gmd"
 xmlns:S100MD="http://www.iho.int/MPA/S100/0.1/MD"
 xmlns:S100CI="http://www.iho.int/S100CI"
 xmlns:xsi="http://www.w3.org/2001/XMLSchema-instance"
 xsi:schemaLocation="http://www.iho.int/MPA/S100/0.1/MD ../schemas/S100/S100MD.xsd"><!-- schemalocation should use a public URL, and an XML catalogue should be used for local installations of schemas -->
        <identifier>
        <identifier>USSTWBANK2.1.0.0</identifier>
        <editionNumber>1.0.0</editionNumber>
        <date>2012-09-12</date>
    </identifier>
    <contact>
        <organization>International Hydrographic Organisation</organization>
        <phone>
            <S100CI:voice>+999 99 99 99 99</S100CI:voice>
            <S100CI:facsimile>+999 99 99 99 99</S100CI:facsimile>
        </phone>
        <address>
            <S100CI:deliveryPoint>4b quai Antoine 1er, B.P. 445</S100CI:deliveryPoint>
            <S100CI:city>Monaco</S100CI:city>
            <S100CI:administrativeArea>MONACO CEDEX</S100CI:administrativeArea>
            <S100CI:postalCode>98011</S100CI:postalCode>
            <S100CI:country>Monaco</S100CI:country>
            <S100CI:electronicMailAddress>username@example.org</S100CI:electronicMailAddress>
        </address>
    </contact>
    <productSpecification>
        <name>Marine Protected Area Product Specification</name>
        <version>1.0.0</version>
        <date>2012-08-31</date>
    </productSpecification>
    <exchangeCatalogName>CATALOG.999.xml</exchangeCatalogName><!-- CATALOG.101 style would lose the .xml / .XML extension which is convenient to have for an XML file  -->
    <exchangeCatalogDescription>Catalog file for US East Coast Marine Protected Area example dataset</exchangeCatalogDescription>
    <exchangeCatalogueComment>This is an example</exchangeCatalogueComment>
    <compressionFlag>0</compressionFlag>
    <algorithmMethod>N/A</algorithmMethod>
    <sourceMedia>electronic</sourceMedia>
    <replacedData></replacedData>
    <S100MD:S100_DatasetDiscoveryMetadata>
        <fileName>USSTWBANK2.xml</fileName>
        <filePath>data/</filePath>
        <description>Stellwagen Bank MPA</description>
        <dataProtection>unencrypted</dataProtection>
        <classification><gmd:MD_ClassificationCode codeList="http://schemas.opengis.net/iso/19139/20070417/resources/Codelists/gmxCodelists.xml" codeListValue="unclasified"></gmd:MD_ClassificationCode></classification>
        <purpose>New</purpose>
        <specificUsage>Route Monitoring</specificUsage>
        <editionNumber>1</editionNumber>
        <updateNumber>0</updateNumber>
        <updateApplicationDate>2012-08-24</updateApplicationDate>
        <issueDate>2012-08-31</issueDate>
        <productSpecification>
            <name>Marine Protected Area Product Specification</name>
            <version>1.0.0</version>
            <date>2012-08-31</date>
        </productSpecification>
        <producingAgency>
            <S100CI:organisationName>IHO</S100CI:organisationName>
            <S100CI:contactInfo>
                <S100CI:phone>
                    <S100CI:voice>+999 99 99 99 99</S100CI:voice>
                    <S100CI:facsimile>+999 99 99 99 99</S100CI:facsimile>
                </S100CI:phone>
                <S100CI:address>
                    <S100CI:deliveryPoint>4b quai Antoine 1er, B.P. 445</S100CI:deliveryPoint>
                    <S100CI:city>Monaco</S100CI:city>
                    <S100CI:administrativeArea>MONACO CEDEX</S100CI:administrativeArea>
                    <S100CI:postalCode>98011</S100CI:postalCode>
                    <S100CI:country>Monaco</S100CI:country>
                    <S100CI:electronicMailAddress>username@example.org</S100CI:electronicMailAddress>
                </S100CI:address>
                <S100CI:onlineResource>
                    <S100CI:url>http://www.iho.int</S100CI:url>
                </S100CI:onlineResource>
                <S100CI:hoursOfService>08:00 - 17:00 weekdays; closed on holidays</S100CI:hoursOfService>
                <S100CI:contactInstructions>Telephone or email</S100CI:contactInstructions>
            </S100CI:contactInfo>
            <S100CI:role>pointOfContact</S100CI:role>
        </producingAgency>
        <optimumDisplayScale>25000</optimumDisplayScale>
        <maximumDisplayScale>1</maximumDisplayScale>
        <minimumDisplayScale>10000000</minimumDisplayScale>
        <horizontalDatumReference>EPSG</horizontalDatumReference>
        <horizontalDatumValue>4326</horizontalDatumValue>
        <verticalDatum>Mean sea level</verticalDatum>
        <soundingDatum>Mean sea level</soundingDatum>
        <dataType>GML</dataType>
        <otherdataTypeDescription>XML schemas at http://www.iho.int/...</otherdataTypeDescription>
        <datatypeVersion>1.0.0</datatypeVersion>
        <dataCoverage>
            <ID>999</ID>
            <boundingBox>
                <gmd:westBoundLongitude >
                    <gco:Decimal>-71.0000</gco:Decimal>
                </gmd:westBoundLongitude>
                <gmd:eastBoundLongitude>
                    <gco:Decimal>-70.0000</gco:Decimal>
                </gmd:eastBoundLongitude>
                <gmd:southBoundLatitude>
                    <gco:Decimal>42.0000</gco:Decimal>
                </gmd:southBoundLatitude>
                <gmd:northBoundLatitude>
                    <gco:Decimal>43.0000</gco:Decimal>
                </gmd:northBoundLatitude>
            </boundingBox>
        </dataCoverage>
        <comment>This is an example. Mapping: online_link incorporated</comment>
        <checksum>999999</checksum>
        <layerId>1</layerId>
        <digitalSignature>
            <digitalSignatureReference>signature algorithm</digitalSignatureReference>
            <digitalSignatureValue>ABCDEFGHIJ0123456789</digitalSignatureValue>
        </digitalSignature>
    </S100MD:S100_DatasetDiscoveryMetadata>
    <!-- no support files -->
    
</S100MD:S100_ExchangeCatalogue>
